pcpn,height
0.0,6.57
0.0,5.87
0.0,5.0
0.0,3.81
0.0,2.67
0.0,5.85
0.0,4.25
0.0,5.19
0.0,5.8
0.0,5.05
0.0,6.34
0.0,4.76
0.0,5.29
0.0,3.81
0.0,4.5
0.0,4.52
0.0,3.96
0.0,4.07
0.0,4.49
0.0,5.9
0.0,4.14
0.0,4.4
0.0,4.0
0.0,5.01
0.0,6.31
0.0,4.57
0.0,5.1
0.0,4.08
0.0,4.04
0.0,4.82
0.0,4.86
0.0,7.73
0.0,5.74
0.0,3.84
0.0,6.69
0.0,6.13
0.0,4.75
0.0,4.15
0.0,4.86
0.0,4.81
0.0,4.56
0.0,5.7
0.0,5.43
0.0,5.92
0.0,4.67
0.0,4.46
0.0,5.16
0.0,5.7
0.0,6.64
0.0,4.37
0.0,4.88
0.0,3.19
0.0,6.45
0.0,5.72
0.0,5.16
0.0,4.13
0.0,4.77
0.0,5.74
0.0,4.15
0.0,5.11
0.0,3.97
0.0,5.07
0.0,5.67
0.0,4.36
0.0,7.55
0.0,3.19
0.0,5.2
0.0,3.84
0.0,5.22
0.0,4.51
0.0,5.71
0.0,4.04
0.0,6.25
0.0,6.35
0.0,5.21
0.0,4.41
0.0,4.15
0.0,4.38
0.0,5.18
0.0,4.97
0.0,4.46
0.0,3.71
0.0,4.8
0.0,3.52
0.0,5.0
0.0,6.29
0.0,5.52
0.0,6.3
0.0,4.71
0.0,3.9
13.78,11.68
19.48,27.76
13.78,37.6
0.0,35.68
0.0,33.52
0.0,31.32
0.0,27.95
0.0,26.46
0.0,25.47
0.0,21.67
0.0,19.88
0.0,18.3
0.0,17.26
0.0,16.06
0.0,15.05
0.0,13.17
0.0,13.95
0.0,13.44
0.0,13.62
0.0,10.55
0.0,9.6
0.0,11.14
0.0,9.52
0.0,10.11
0.0,10.4
0.0,7.77
0.0,8.24
0.0,7.25
0.0,8.76
0.0,7.74
0.0,7.07
0.0,7.42
0.0,5.03
0.0,7.32
0.0,5.84
0.0,5.27
0.0,6.42
0.0,7.2
0.0,5.09
0.0,6.13
0.0,7.66
0.0,5.31
0.0,5.9
0.0,4.49
0.0,6.31
0.0,6.19
0.0,5.08
0.0,5.62
0.0,5.51
0.0,4.24
0.0,4.64
0.0,6.94
0.0,4.08
0.0,3.63
0.0,5.04
0.0,5.0
0.0,5.3
0.0,5.11
0.0,5.47
0.0,3.13
0.0,5.64
0.0,4.67
0.0,4.81
0.0,3.85
0.0,4.79
0.0,5.56
0.0,3.99
0.0,5.14
0.0,6.84
0.0,4.43
0.0,5.53
0.0,5.74
0.0,5.54
0.0,4.61
0.0,6.2
0.0,5.39
0.0,4.83
0.0,5.23
0.0,6.19
0.0,4.73
0.0,2.81
0.0,6.01
0.0,5.03
0.0,4.94
0.0,5.09
0.0,4.04
0.0,4.59
0.0,5.64
0.0,4.74
0.0,3.28
0.0,3.75
0.0,4.9
0.0,2.62
0.0,6.71
0.0,3.62
0.0,6.03
0.0,6.0
0.0,4.7
0.0,5.21
0.0,3.74
0.0,3.72
0.0,6.16
0.0,3.85
0.0,4.51
0.0,5.88
0.0,6.28
0.0,4.58
0.0,4.65
0.0,5.66
0.0,5.6
0.0,3.66
0.0,5.91
0.0,3.3
0.0,7.67
0.0,5.1
0.0,4.85
0.0,5.7
0.0,5.8
0.0,3.5
0.0,3.6
0.0,4.52
0.0,5.97
0.0,5.31
0.0,5.01
18.76,14.26
32.49,36.01
37.52,63.78
32.49,84.34
18.76,95.39
0.0,89.85
0.0,81.28
0.0,74.22
0.0,65.41
0.0,60.82
0.0,54.81
0.0,50.76
0.0,46.09
30.19,58.42
30.19,76.27
0.0,78.48
0.0,72.26
0.0,63.55
0.0,58.34
0.0,51.56
0.0,47.41
0.0,44.32
0.0,39.98
0.0,36.31
0.0,33.74
0.0,31.74
0.0,29.53
0.0,25.5
0.0,22.25
0.0,21.46
0.0,20.09
0.0,18.86
0.0,15.91
0.0,15.87
0.0,13.88
0.0,14.75
0.0,12.68
0.0,13.6
0.0,13.14
0.0,8.79
0.0,8.58
0.0,10.25
0.0,10.24
0.0,9.92
0.0,8.5
0.0,9.16
0.0,6.63
0.0,5.91
0.0,7.45
0.0,6.66
0.0,5.65
0.0,5.58
0.0,4.95
0.0,5.95
0.0,6.95
0.0,7.03
0.0,6.55
0.0,5.67
0.0,6.85
0.0,3.54
0.0,6.36
0.0,4.46
28.88,20.91
46.73,51.46
46.73,85.52
28.88,105.94
0.0,101.61
0.0,92.96
0.0,84.48
0.0,76.42
0.0,69.66
0.0,61.39
0.0,56.91
0.0,52.47
0.0,48.83
0.0,43.14
0.0,39.29
0.0,34.3
0.0,33.3
0.0,28.52
0.0,27.34
0.0,25.21
0.0,22.36
0.0,20.79
0.0,20.07
0.0,18.6
0.0,17.57
0.0,14.59
0.0,15.01
0.0,13.38
0.0,12.05
0.0,11.07
0.0,10.19
0.0,9.58
0.0,10.16
0.0,9.5
0.0,10.47
0.0,9.28
0.0,9.18
0.0,8.51
10.37,12.06
16.78,25.76
16.78,35.86
10.37,43.79
0.0,42.19
0.0,38.92
0.0,34.59
0.0,31.72
0.0,29.76
0.0,27.87
0.0,23.92
0.0,23.06
0.0,19.12
0.0,18.14
0.0,17.83
0.0,15.16
0.0,15.72
0.0,14.08
0.0,14.2
0.0,11.38
0.0,11.65
0.0,10.53
0.0,8.65
0.0,10.74
0.0,10.43
0.0,9.75
0.0,7.29
0.0,5.41
0.0,9.84
0.0,9.59
0.0,7.68
0.0,5.05
0.0,6.98
0.0,4.62
0.0,5.37
0.0,5.96
0.0,6.99
0.0,5.89
0.0,4.79
0.0,4.89
0.0,6.81
0.0,6.58
0.0,5.54
0.0,4.32
0.0,6.62
0.0,3.95
0.0,5.17
0.0,5.39
0.0,4.77
0.0,4.38
0.0,3.69
0.0,6.7
0.0,3.9
0.0,3.97
0.0,4.81
0.0,4.84
0.0,5.61
0.0,3.42
0.0,5.45
0.0,3.62
0.0,5.67
0.0,5.39
0.0,4.65
0.0,5.11
0.0,6.24
0.0,5.78
0.0,3.91
0.0,4.73
0.0,4.46
0.0,5.01
0.0,4.56
0.0,4.31
0.0,4.08
0.0,5.12
0.0,5.08
0.0,4.55
0.0,4.52
0.0,5.81
0.0,6.09
0.0,2.81
0.0,4.09
0.0,4.14
0.0,2.87
0.0,4.12
0.0,5.42
0.0,4.22
0.0,6.48
0.0,6.06
0.0,4.63
0.0,6.03
0.0,3.51
0.0,6.51
0.0,3.45
0.0,5.68
0.0,5.29
0.0,4.69
0.0,3.55
0.0,3.24
0.0,3.91
0.0,4.87
0.0,3.55
0.0,5.24
0.0,4.16
0.0,5.86
0.0,5.36
0.0,3.75
0.0,3.97
0.0,4.55
0.0,3.89
0.0,6.87
0.0,6.55
0.0,5.16
0.0,4.68
0.0,4.42
0.0,5.19
0.0,5.04
0.0,4.95
0.0,3.07
0.0,4.17
0.0,3.02
0.0,4.83
0.0,4.69
0.0,5.08
0.0,5.14
0.0,4.88
0.0,5.46
0.0,4.78
0.0,5.53
0.0,5.36
0.0,4.41
0.0,3.51
0.0,3.82
0.0,5.17
0.0,5.74
0.0,3.85
0.0,4.61
0.0,3.87
0.0,5.95
0.0,4.67
0.0,6.77
0.0,5.66
0.0,5.84
0.0,5.75
0.0,6.28
0.0,5.9
0.0,4.55
0.0,4.28
0.0,5.73
0.0,5.42
0.0,6.55
0.0,4.26
0.0,5.26
0.0,5.6
0.0,4.97
0.0,4.56
0.0,5.09
0.0,4.2
0.0,7.23
0.0,5.22
0.0,5.16
0.0,5.18
0.0,6.08
0.0,5.54
0.0,5.17
0.0,5.26
0.0,6.3
0.0,4.29
0.0,5.49
0.0,4.08
0.0,5.62
0.0,4.67
0.0,4.15
0.0,4.79
0.0,4.37
0.0,5.35
0.0,3.61
0.0,3.78
0.0,5.51
0.0,5.18
0.0,4.12
0.0,4.6
0.0,6.53
0.0,4.81
0.0,6.43
0.0,5.37
0.0,5.8
0.0,4.87
0.0,3.85
0.0,5.59
0.0,4.71
0.0,5.41
0.0,5.97
0.0,6.19
0.0,6.91
0.0,4.13
0.0,5.81
0.0,4.75
0.0,6.3
0.0,5.19
0.0,5.3
0.0,3.29
0.0,5.07
0.0,5.54
0.0,6.11
0.0,4.24
0.0,5.87
0.0,4.18
0.0,6.15
0.0,7.16
0.0,4.9
0.0,6.73
0.0,5.02
0.0,5.77
0.0,5.44
0.0,2.55
0.0,3.22
0.0,4.89
0.0,5.29
0.0,5.51
0.0,5.62
0.0,5.22
0.0,5.5
0.0,6.09
0.0,6.19
0.0,5.8
0.0,4.2
0.0,4.22
0.0,5.02
0.0,4.79
0.0,5.5
0.0,7.61
0.0,4.84
0.0,3.74
0.0,6.21
0.0,5.02
0.0,6.25
0.0,5.55
0.0,6.3
0.0,6.36
0.0,3.54
13.05,11.42
23.51,29.31
29.31,46.08
29.31,66.35
23.51,80.06
13.05,86.49
0.0,81.09
0.0,73.67
0.0,67.77
0.0,61.53
0.0,55.24
0.0,48.22
0.0,43.39
0.0,42.75
0.0,38.76
0.0,33.28
0.0,29.23
0.0,28.08
0.0,25.13
0.0,24.12
0.0,23.44
0.0,21.02
0.0,20.09
0.0,16.7
0.0,16.08
0.0,15.43
0.0,16.07
0.0,13.57
0.0,11.68
0.0,11.36
0.0,10.72
0.0,10.46
0.0,8.75
0.0,9.86
0.0,9.21
0.0,9.2
0.0,9.08
0.0,8.12
0.0,9.58
0.0,6.71
0.0,5.88
0.0,7.22
0.0,8.17
0.0,7.02
0.0,5.39
0.0,5.51
0.0,4.28
0.0,6.13
0.0,6.76
0.0,4.52
0.0,5.05
0.0,6.08
0.0,7.0
0.0,4.98
0.0,5.38
0.0,5.62
0.0,5.52
0.0,5.66
0.0,4.41
0.0,6.09
0.0,6.05
0.0,5.07
0.0,7.11
0.0,4.34
0.0,5.78
0.0,6.79
0.0,4.11
0.0,4.04
0.0,4.81
0.0,6.29
0.0,5.17
0.0,4.9
0.0,5.94
0.0,5.14
0.0,3.52
0.0,5.21
0.0,5.77
0.0,3.69
0.0,5.05
0.0,3.87
0.0,4.81
0.0,4.58
0.0,5.34
0.0,4.86
0.0,5.03
0.0,5.62
4.14,7.67
7.66,13.27
10.0,18.14
10.83,25.09
10.0,32.95
7.66,35.8
4.14,36.71
0.0,33.56
0.0,30.21
0.0,31.29
0.0,25.27
9.26,30.05
17.11,38.09
22.35,51.57
24.2,66.89
22.35,77.26
17.11,85.38
9.26,86.66
0.0,81.76
0.0,75.68
0.0,68.07
0.0,61.27
0.0,53.7
0.0,50.34
0.0,44.3
0.0,40.39
0.0,38.28
0.0,35.06
0.0,33.63
0.0,28.92
0.0,27.13
0.0,25.8
0.0,22.81
0.0,21.29
0.0,20.09
0.0,16.54
0.0,16.74
0.0,13.28
0.0,14.63
0.0,13.7
0.0,14.43
0.0,12.81
0.0,12.37
0.0,11.5
0.0,9.79
0.0,8.3
0.0,8.31
0.0,8.61
0.0,8.32
0.0,8.11
0.0,6.88
0.0,8.3
0.0,7.07
0.0,6.9
0.0,6.45
0.0,5.83
0.0,5.68
0.0,6.43
0.0,6.01
0.0,6.23
0.0,4.69
24.2,19.44
34.22,43.38
24.2,60.19
0.0,60.19
0.0,55.93
0.0,50.25
0.0,44.1
0.0,41.14
0.0,37.29
0.0,34.4
0.0,32.17
0.0,29.09
0.0,26.84
30.28,41.04
42.82,70.31
30.28,88.24
0.0,87.31
0.0,79.83
0.0,73.23
0.0,65.53
0.0,59.78
0.0,53.62
0.0,49.64
0.0,46.17
0.0,41.34
0.0,36.84
0.0,35.11
0.0,30.04
0.0,27.73
0.0,26.36
0.0,24.35
0.0,22.48
0.0,20.81
0.0,19.12
0.0,19.32
0.0,15.99
0.0,15.32
0.0,12.19
0.0,13.04
0.0,12.03
0.0,12.11
0.0,11.5
0.0,12.08
0.0,10.8
0.0,10.81
0.0,9.21
0.0,8.9
0.0,7.45
0.0,7.92
0.0,7.07
0.0,6.68
0.0,6.1
0.0,6.18
0.0,6.2
0.0,6.78
0.0,4.91
0.0,7.52
0.0,4.65
0.0,4.91
0.0,6.52
0.0,5.85
0.0,5.69
0.0,5.35
0.0,4.77
0.0,5.55
0.0,6.8
0.0,5.69
0.0,4.71
0.0,5.3
0.0,7.49
0.0,5.49
0.0,4.78
0.0,5.05
0.0,5.12
0.0,3.89
0.0,4.24
0.0,4.53
0.0,5.36
0.0,5.53
0.0,5.67
0.0,5.25
0.0,5.03
0.0,5.16
0.0,4.36
0.0,4.84
0.0,3.83
0.0,4.05
0.0,4.25
0.0,5.75
0.0,3.38
0.0,4.52
0.0,4.5
0.0,5.65
0.0,3.6
0.0,5.63
0.0,5.54
0.0,4.79
0.0,6.39
0.0,4.7
0.0,3.99
0.0,5.8
0.0,6.07
0.0,4.04
0.0,3.66
0.0,5.15
0.0,4.69
0.0,6.01
0.0,4.21
0.0,4.25
0.0,6.4
0.0,4.83
0.0,5.19
0.0,4.46
0.0,6.44
0.0,6.03
0.0,5.22
0.0,4.4
0.0,4.05
0.0,4.18
0.0,5.83
0.0,5.89
0.0,5.58
0.0,5.51
0.0,6.44
0.0,5.61
0.0,5.76
0.0,7.36
0.0,4.06
0.0,4.16
0.0,6.12
0.0,4.16
0.0,3.44
0.0,3.6
0.0,6.0
0.0,4.07
0.0,6.24
0.0,2.64
0.0,3.73
0.0,6.39
0.0,5.73
0.0,4.67
0.0,4.4
0.0,4.28
0.0,4.26
0.0,4.76
0.0,4.8
0.0,4.46
0.0,6.0
0.0,5.93
0.0,2.84
0.0,5.24
0.0,5.47
0.0,5.57
0.0,4.0
0.0,5.36
0.0,2.37
0.0,4.31
0.0,4.99
0.0,4.31
0.0,5.36
0.0,6.27
0.0,3.01
0.0,5.67
0.0,5.09
0.0,3.81
0.0,4.69
0.0,5.74
0.0,5.39
0.0,4.8
0.0,1.36
0.0,5.03
0.0,4.54
0.0,5.65
0.0,4.72
0.0,4.09
0.0,5.15
0.0,6.16
0.0,5.41
0.0,5.74
0.0,2.57
0.0,5.05
0.0,5.95
0.0,5.6
0.0,6.75
0.0,4.96
0.0,4.83
0.0,6.18
0.0,5.48
0.0,3.68
0.0,4.99
0.0,4.86
0.0,4.92
0.0,5.28
0.0,5.46
0.0,4.22
0.0,4.29
0.0,4.52
0.0,3.58
15.2,13.7
21.49,28.81
15.2,40.23
0.0,39.33
0.0,37.33
0.0,32.58
0.0,30.37
0.0,26.81
0.0,25.67
0.0,22.7
0.0,22.3
0.0,18.81
0.0,18.17
0.0,16.45
0.0,16.21
0.0,15.82
0.0,14.92
0.0,12.23
0.0,12.68
0.0,11.24
0.0,10.52
0.0,10.08
0.0,9.86
0.0,8.19
0.0,8.76
0.0,6.63
0.0,5.15
0.0,7.43
0.0,8.93
0.0,7.69
0.0,5.69
0.0,6.67
0.0,6.6
0.0,6.0
0.0,5.89
0.0,6.16
0.0,6.14
0.0,3.68
0.0,7.24
0.0,6.43
0.0,4.61
0.0,4.09
0.0,6.16
0.0,4.09
0.0,5.73
0.0,5.34
0.0,5.86
0.0,6.48
0.0,5.4
0.0,6.55
0.0,3.97
0.0,5.56
0.0,4.92
0.0,4.49
0.0,6.14
0.0,6.18
0.0,4.84
0.0,3.33
0.0,5.52
0.0,5.04
0.0,6.51
0.0,5.5
0.0,5.37
0.0,5.19
0.0,5.03
0.0,5.12
0.0,5.85
0.0,2.65
0.0,5.05
0.0,5.19
0.0,5.33
0.0,5.62
0.0,4.14
0.0,4.47
0.0,5.3
0.0,5.57
0.0,7.76
0.0,6.32
0.0,4.93
0.0,5.04
0.0,4.26
0.0,5.01
0.0,5.0
0.0,5.77
0.0,3.8
0.0,4.86
0.0,5.18
0.0,5.46
0.0,5.63
0.0,5.58
0.0,5.6
0.0,5.21
0.0,6.21
0.0,4.01
0.0,5.24
0.0,7.22
0.0,3.93
0.0,5.29
0.0,6.66
0.0,6.01
0.0,6.67
0.0,5.96
0.0,6.44
0.0,4.51
0.0,5.57
0.0,4.05
0.0,2.59
0.0,3.78
0.0,5.62
0.0,5.11
0.0,3.93
0.0,5.17
0.0,6.38
0.0,5.16
0.0,3.78
0.0,4.75
0.0,3.76
0.0,6.6
0.0,4.97
0.0,4.93
3.41,6.43
5.9,10.94
6.82,14.9
5.9,19.41
3.41,22.29
0.0,20.43
0.0,18.99
0.0,17.56
0.0,15.26
0.0,14.82
0.0,13.74
0.0,13.11
0.0,11.92
0.0,11.18
0.0,10.01
0.0,12.83
0.0,8.96
0.0,9.09
0.0,8.69
0.0,7.39
0.0,6.83
0.0,7.4
0.0,8.14
0.0,8.0
0.0,7.38
0.0,8.14
0.0,6.01
0.0,7.84
0.0,6.93
0.0,7.2
0.0,4.46
0.0,6.51
0.0,5.51
0.0,6.68
0.0,5.84
0.0,5.79
0.0,3.23
0.0,6.13
0.0,6.31
0.0,2.73
0.0,5.46
0.0,5.2
0.0,5.88
0.0,5.21
0.0,4.01
0.0,4.27
0.0,7.69
0.0,4.37
0.0,3.52
0.0,3.96
0.0,5.22
0.0,5.57
0.0,5.93
0.0,3.52
0.0,3.9
0.0,3.9
0.0,5.15
0.0,4.26
0.0,5.29
0.0,3.4
0.0,4.35
0.0,4.3
0.0,5.89
0.0,4.91
0.0,5.01
0.0,4.95
0.0,4.11
0.0,4.98
0.0,3.77
0.0,6.12
0.0,6.77
0.0,5.13
0.0,4.83
0.0,6.79
0.0,4.33
0.0,5.08
0.0,6.51
0.0,3.76
0.0,4.65
0.0,6.62
0.0,4.06
0.0,5.21
0.0,5.39
0.0,4.3
0.0,5.01
0.0,4.21
0.0,4.51
0.0,6.14
0.0,5.34
0.0,3.36
0.0,6.74
0.0,6.87
0.0,3.98
0.0,4.87
0.0,4.69
0.0,5.39
0.0,5.31
0.0,6.32
0.0,4.87
0.0,3.36
0.0,4.5
0.0,3.73
0.0,4.42
0.0,6.31
0.0,4.81
0.0,4.63
0.0,5.51
0.0,5.85
0.0,4.69
0.0,6.0
0.0,5.53
0.0,5.09
0.0,5.18
0.0,5.25
0.0,6.48
0.0,4.14
0.0,5.74
0.0,6.5
0.0,3.6
0.0,3.88
0.0,3.97
0.0,3.41
0.0,4.47
0.0,3.65
0.0,7.05
0.0,5.47
0.0,5.07
0.0,6.72
0.0,4.71
0.0,4.41
0.0,5.16
0.0,5.15
0.0,4.73
0.0,4.54
0.0,4.78
0.0,4.72
0.0,5.25
0.0,5.81
0.0,4.77
0.0,5.6
0.0,2.41
0.0,6.63
0.0,4.26
0.0,5.64
0.0,3.6
0.0,4.51
0.0,4.99
0.0,5.81
0.0,5.07
45.93,31.37
0.0,40.56
0.0,37.25
0.0,31.38
0.0,30.03
0.0,25.71
0.0,24.97
0.0,21.12
0.0,21.22
0.0,20.48
0.0,18.6
0.0,16.33
0.0,15.34
0.0,15.83
0.0,13.66
0.0,13.14
0.0,12.46
0.0,13.28
0.0,10.65
0.0,9.62
0.0,9.11
0.0,9.24
0.0,7.66
0.0,8.92
0.0,6.57
0.0,6.67
0.0,9.22
0.0,6.74
0.0,5.56
16.75,16.38
30.18,36.18
37.63,60.88
37.63,85.92
30.18,104.83
16.75,110.17
0.0,102.85
0.0,93.31
0.0,86.35
0.0,77.09
0.0,69.86
0.0,64.73
0.0,56.47
0.0,52.78
0.0,46.46
0.0,43.04
0.0,40.4
0.0,37.24
0.0,32.74
0.0,30.76
0.0,27.51
0.0,26.16
0.0,23.78
0.0,20.39
0.0,19.11
0.0,18.05
0.0,17.15
0.0,15.99
0.0,13.8
0.0,16.78
0.0,15.04
0.0,11.63
0.0,12.45
0.0,10.88
0.0,10.79
0.0,10.45
0.0,10.83
0.0,9.27
0.0,7.01
0.0,8.35
0.0,8.2
0.0,6.84
0.0,6.72
0.0,5.4
0.0,7.11
0.0,7.31
0.0,7.21
0.0,5.3
0.0,7.17
0.0,5.72
0.0,5.21
0.0,7.8
0.0,4.26
0.0,5.89
0.0,3.81
0.0,6.45
0.0,5.17
0.0,5.05
0.0,6.13
0.0,5.66
0.0,4.25
0.0,5.86
0.0,5.04
0.0,4.09
0.0,4.17
0.0,4.35
0.0,4.83
0.0,6.76
0.0,6.84
0.0,5.7
0.0,4.85
0.0,5.52
0.0,4.57
0.0,5.98
0.0,6.73
0.0,4.27
0.0,5.74
0.0,4.9
0.0,4.91
0.0,5.48
0.0,6.6
0.0,5.64
0.0,4.62
0.0,4.57
0.0,5.03
0.0,5.23
0.0,6.07
0.0,5.23
0.0,4.72
0.0,4.95
0.0,3.89
0.0,5.43
0.0,5.2
0.0,5.03
0.0,5.5
0.0,5.05
0.0,4.53
0.0,5.17
0.0,3.8
0.0,4.74
0.0,4.94
0.0,5.34
0.0,3.95
0.0,5.45
0.0,8.8
0.0,4.83
0.0,3.82
0.0,2.9
0.0,6.33
0.0,6.21
0.0,4.85
0.0,4.51
0.0,5.01
0.0,5.54
0.0,5.18
0.0,5.32
0.0,5.85
0.0,3.91
0.0,7.09
41.43,28.55
0.0,38.03
0.0,32.8
0.0,31.16
0.0,26.67
0.0,25.83
0.0,21.26
0.0,20.58
0.0,18.18
0.0,17.65
0.0,16.83
0.0,15.23
0.0,16.14
0.0,13.34
0.0,11.31
0.0,12.69
0.0,11.07
0.0,9.98
0.0,9.99
0.0,9.3
0.0,8.33
0.0,9.35
0.0,8.41
0.0,8.16
0.0,8.05
0.0,8.18
0.0,7.09
0.0,6.7
0.0,5.85
0.0,5.33
0.0,6.53
0.0,6.97
0.0,5.82
0.0,6.75
0.0,7.03
0.0,6.07
0.0,5.47
0.0,6.58
0.0,4.96
0.0,6.98
0.0,5.52
0.0,5.27
0.0,4.62
0.0,7.41
0.0,5.32
0.0,5.59
0.0,6.15
0.0,5.05
0.0,6.11
0.0,4.0
0.0,4.59
0.0,5.8
0.0,6.03
0.0,4.62
0.0,6.24
0.0,4.67
0.0,3.91
0.0,4.86
0.0,5.72
0.0,7.08
0.0,4.87
0.0,4.93
0.0,5.91
0.0,4.4
0.0,4.89
0.0,5.9
6.37,8.84
10.3,14.63
10.3,22.01
6.37,26.71
0.0,26.44
0.0,24.15
0.0,22.69
0.0,22.34
0.0,18.47
0.0,19.11
0.0,16.98
0.0,14.03
0.0,13.27
0.0,12.67
0.0,12.19
0.0,12.59
0.0,11.02
0.0,9.49
0.0,8.35
0.0,9.05
0.0,9.48
0.0,8.79
0.0,9.9
0.0,7.48
0.0,7.83
0.0,6.65
0.0,7.89
0.0,7.88
0.0,7.79
0.0,7.88
0.0,5.83
0.0,7.14
0.0,4.65
0.0,4.59
0.0,6.58
0.0,6.13
0.0,6.09
0.0,6.22
0.0,6.14
0.0,4.77
0.0,7.05
0.0,6.36
0.0,6.42
0.0,5.75
0.0,6.53
0.0,6.7
0.0,6.74
0.0,3.65
0.0,3.86
0.0,5.28
0.0,5.15
0.0,4.1
0.0,5.07
0.0,5.22
0.0,6.59
0.0,6.46
0.0,5.05
0.0,6.33
0.0,5.83
0.0,4.66
0.0,4.95
0.0,6.44
0.0,4.36
0.0,4.51
0.0,6.0
0.0,4.93
0.0,4.92
0.0,3.29
0.0,6.22
0.0,6.61
0.0,4.01
0.0,4.65
0.0,4.03
0.0,6.55
0.0,5.2
0.0,6.14
0.0,5.76
0.0,4.41
0.0,5.98
0.0,5.99
0.0,4.28
0.0,5.34
0.0,4.48
0.0,5.76
0.0,6.49
0.0,3.78
0.0,4.35
0.0,5.33
0.0,4.42
0.0,4.77
0.0,5.63
0.0,4.72
0.0,5.06
0.0,5.89
0.0,4.92
0.0,4.4
0.0,5.93
0.0,4.65
0.0,5.83
0.0,4.32
0.0,4.8
0.0,4.59
0.0,4.11
0.0,5.71
0.0,4.45
0.0,6.88
0.0,3.81
0.0,6.73
0.0,5.93
0.0,5.77
0.0,5.86
0.0,6.48
0.0,5.37
0.0,4.51
0.0,3.91
0.0,4.97
0.0,4.5
0.0,5.29
0.0,3.71
0.0,4.98
0.0,4.46
0.0,3.74
0.0,5.17
0.0,5.48
13.98,13.88
24.21,30.34
27.95,47.17
24.21,65.13
13.98,71.9
0.0,69.58
0.0,60.92
0.0,56.25
0.0,52.08
0.0,46.59
0.0,39.84
0.0,38.41
0.0,33.33
7.43,35.55
12.87,43.31
14.86,51.01
12.87,56.59
7.43,58.31
0.0,53.83
0.0,51.98
0.0,45.83
0.0,40.45
0.0,35.37
0.0,34.58
0.0,31.11
0.0,29.36
0.0,27.06
0.0,23.68
0.0,23.71
0.0,20.48
0.0,19.99
0.0,16.9
0.0,16.01
0.0,15.94
0.0,14.51
0.0,14.82
0.0,12.9
0.0,11.26
0.0,9.55
0.0,10.98
0.0,9.11
0.0,10.1
0.0,8.53
0.0,7.39
0.0,8.86
0.0,6.76
0.0,8.7
0.0,8.35
0.0,7.61
0.0,5.8
0.0,5.32
0.0,5.89
0.0,5.13
0.0,6.75
0.0,6.2
0.0,5.48
0.0,6.56
0.0,5.2
0.0,5.58
0.0,4.14
0.0,4.63
0.0,7.73
0.0,4.07
0.0,6.3
0.0,5.68
0.0,6.13
0.0,5.21
0.0,5.73
0.0,4.55
0.0,5.38
0.0,4.98
0.0,4.25
0.0,6.27
0.0,6.55
0.0,4.66
0.0,6.5
0.0,5.89
0.0,5.23
0.0,3.26
0.0,4.57
0.0,6.01
0.0,2.74
0.0,5.26
0.0,5.06
0.0,5.31
0.0,5.02
0.0,5.61
0.0,4.52
0.0,5.6
0.0,5.63
0.0,3.07
0.0,4.81
0.0,4.29
0.0,4.71
0.0,4.49
0.0,7.76
0.0,5.42
0.0,4.66
0.0,3.69
0.0,6.4
0.0,6.22
0.0,5.69
0.0,4.6
0.0,6.06
0.0,5.41
0.0,5.75
0.0,4.14
0.0,5.49
0.0,5.01
0.0,4.38
0.0,5.35
0.0,5.95
0.0,5.98
0.0,3.78
0.0,5.35
0.0,3.64
0.0,4.16
0.0,4.98
0.0,5.15
0.0,4.27
0.0,2.62
0.0,5.59
0.0,4.02
0.0,5.42
0.0,4.46
0.0,6.31
0.0,4.93
0.0,4.43
0.0,4.9
0.0,5.31
0.0,6.2
0.0,4.71
0.0,6.04
0.0,6.08
0.0,6.12
0.0,4.83
0.0,5.58
0.0,5.98
0.0,4.95
0.0,4.21
0.0,5.4
0.0,2.96
0.0,5.43
0.0,4.11
0.0,5.59
0.0,5.93
0.0,5.31
0.0,3.95
0.0,4.12
0.0,4.4
0.0,3.68
0.0,3.95
0.0,4.87
0.0,5.27
0.0,5.37
0.0,5.17
0.0,5.72
0.0,5.49
0.0,5.16
0.0,3.69
0.0,7.34
0.0,3.65
0.0,6.1
0.0,5.04
0.0,5.02
0.0,4.68
0.0,4.58
0.0,5.22
0.0,5.96
0.0,4.49
0.0,4.59
0.0,4.22
0.0,6.15
0.0,5.13
0.0,5.37
0.0,5.16
0.0,5.04
0.0,4.72
0.0,3.99
0.0,4.71
0.0,5.51
0.0,4.5
0.0,4.74
0.0,5.46
0.0,4.26
0.0,3.99
0.0,4.17
0.0,4.47
0.0,5.81
0.0,5.43
0.0,3.96
0.0,5.19
0.0,4.21
0.0,5.68
0.0,5.53
0.0,4.03
0.0,5.69
0.0,4.78
20.29,15.84
36.55,39.3
45.58,72.01
45.58,100.66
36.55,123.0
20.29,130.75
0.0,125.36
0.0,111.39
0.0,101.1
0.0,89.28
0.0,82.46
0.0,74.51
0.0,68.99
0.0,63.08
0.0,56.21
0.0,51.8
0.0,47.51
0.0,42.56
0.0,37.54
0.0,35.4
0.0,30.5
0.0,29.84
0.0,26.78
0.0,25.03
0.0,21.7
0.0,22.13
0.0,17.11
0.0,14.28
18.84,26.03
32.63,47.48
37.68,71.18
32.63,93.89
18.84,102.14
0.0,98.03
0.0,89.19
0.0,78.54
0.0,71.6
0.0,65.96
0.0,60.52
0.0,53.84
0.0,48.92
0.0,43.71
0.0,41.55
0.0,38.05
0.0,34.87
0.0,29.41
0.0,28.3
0.0,26.83
0.0,23.62
0.0,22.41
0.0,20.02
0.0,19.22
0.0,16.78
0.0,15.76
0.0,14.58
0.0,11.95
0.0,13.79
0.0,11.1
0.0,12.48
0.0,12.29
0.0,10.43
0.0,9.49
0.0,10.26
0.0,8.81
0.0,8.95
0.0,8.56
0.0,9.97
0.0,7.45
0.0,7.79
0.0,6.8
0.0,7.81
0.0,7.25
0.0,6.6
0.0,6.21
0.0,7.52
0.0,6.01
0.0,4.25
23.02,17.87
37.25,44.91
37.25,69.18
23.02,84.57
0.0,81.57
0.0,73.68
0.0,68.61
0.0,61.36
0.0,56.25
0.0,50.12
0.0,45.69
48.56,69.15
0.0,75.03
0.0,68.96
0.0,60.6
0.0,55.92
0.0,50.53
0.0,46.14
0.0,40.97
0.0,39.37
0.0,34.51
0.0,32.22
0.0,28.62
0.0,28.82
0.0,25.74
0.0,22.74
0.0,21.28
0.0,18.69
0.0,18.93
0.0,16.28
0.0,13.28
0.0,16.06
0.0,13.2
0.0,12.11
0.0,11.58
0.0,10.47
0.0,12.29
0.0,8.94
0.0,9.11
0.0,8.31
0.0,8.87
0.0,9.24
0.0,8.32
0.0,6.94
0.0,6.98
0.0,6.49
0.0,8.86
0.0,4.91
0.0,7.96
0.0,5.89
0.0,6.31
0.0,5.44
0.0,6.6
0.0,5.22
0.0,5.91
0.0,3.86
0.0,6.82
0.0,6.54
0.0,4.98
0.0,4.27
0.0,5.14
0.0,5.74
0.0,6.02
0.0,6.06
0.0,3.94
2.88,6.28
5.33,10.69
6.96,14.55
7.53,20.48
6.96,25.19
5.33,26.4
2.88,27.87
0.0,25.48
0.0,25.29
0.0,21.9
0.0,19.74
0.0,18.37
0.0,18.68
0.0,16.45
0.0,13.91
0.0,13.82
0.0,12.9
0.0,12.09
0.0,11.98
0.0,10.85
0.0,9.02
0.0,11.21
0.0,9.57
0.0,9.37
0.0,9.47
0.0,8.52
0.0,7.88
0.0,5.71
0.0,6.91
0.0,6.82
0.0,7.04
0.0,7.2
0.0,7.47
0.0,6.58
0.0,5.07
0.0,5.52
0.0,5.4
0.0,5.87
0.0,5.57
0.0,6.6
0.0,5.48
0.0,6.2
0.0,5.57
0.0,5.22
0.0,6.45
0.0,5.33
0.0,5.27
0.0,4.72
0.0,5.44
0.0,4.4
0.0,6.14
0.0,4.78
0.0,6.78
0.0,6.29
0.0,5.95
0.0,5.79
0.0,4.81
0.0,3.97
0.0,4.08
0.0,5.27
0.0,3.71
0.0,5.77
0.0,4.9
0.0,6.84
0.0,6.46
0.0,3.67
0.0,6.54
0.0,3.37
0.0,5.04
0.0,2.66
0.0,5.74
0.0,2.41
0.0,5.32
0.0,7.12
0.0,3.58
0.0,6.37
0.0,3.68
0.0,4.6
0.0,4.97
0.0,3.58
0.0,6.02
0.0,6.28
0.0,4.49
0.0,5.49
0.0,4.61
0.0,5.82
0.0,5.12
0.0,5.26
0.0,5.47
0.0,7.06
0.0,5.34
0.0,4.67
0.0,6.47
0.0,4.75
0.0,4.71
0.0,5.03
0.0,4.46
0.0,3.83
0.0,4.13
0.0,4.15
0.0,5.33
0.0,4.22
0.0,5.18
0.0,4.18
0.0,2.84
0.0,4.13
0.0,3.69
0.0,4.5
0.0,5.74
0.0,4.2
0.0,2.37
0.0,4.87
0.0,5.36
0.0,7.07
0.0,3.42
0.0,6.86
0.0,4.45
0.0,6.17
0.0,6.23
0.0,4.63
0.0,7.03
0.0,5.44
0.0,6.29
0.0,5.12
0.0,6.59
0.0,4.87
0.0,4.98
0.0,5.99
0.0,5.64
0.0,5.0
0.0,5.8
0.0,2.87
0.0,4.55
0.0,6.05
0.0,5.35
0.0,5.3
0.0,4.0
0.0,4.95
0.0,6.25
0.0,3.78
0.0,3.39
18.67,14.25
34.5,38.67
45.08,69.43
48.8,99.05
45.08,128.82
34.5,146.36
18.67,149.01
0.0,140.25
0.0,126.66
0.0,114.92
0.0,103.04
0.0,94.85
0.0,83.82
0.0,75.21
0.0,69.45
0.0,63.25
0.0,57.76
0.0,51.68
0.0,46.26
0.0,43.42
0.0,40.74
0.0,37.08
0.0,32.81
0.0,29.53
0.0,27.66
0.0,26.67
0.0,21.22
0.0,21.85
0.0,19.53
0.0,19.53
0.0,17.94
0.0,15.72
0.0,13.16
0.0,14.64
0.0,12.63
0.0,10.87
0.0,11.28
0.0,10.46
0.0,8.75
0.0,11.5
0.0,8.32
0.0,9.45
0.0,9.87
0.0,9.29
0.0,7.81
0.0,8.55
0.0,6.69
0.0,7.12
0.0,7.1
0.0,7.35
0.0,4.96
0.0,7.32
0.0,6.84
0.0,5.37
0.0,6.88
0.0,5.42
0.0,6.42
0.0,5.44
0.0,2.41
0.0,2.78
0.0,4.62
0.0,5.84
0.0,5.74
0.0,3.99
0.0,5.36
0.0,3.55
0.0,3.85
0.0,5.24
0.0,5.75
0.0,6.19
0.0,6.63
12.7,12.02
17.96,25.74
12.7,34.23
0.0,35.14
0.0,30.6
0.0,28.15
0.0,25.32
0.0,25.17
0.0,21.12
0.0,21.09
0.0,18.3
0.0,18.91
0.0,15.41
0.0,14.0
0.0,14.37
0.0,12.98
0.0,12.76
0.0,11.1
0.0,9.72
0.0,10.75
0.0,9.53
0.0,10.48
0.0,9.68
0.0,9.72
0.0,9.12
0.0,8.62
0.0,7.93
0.0,6.72
0.0,6.8
0.0,5.85
0.0,6.08
0.0,6.78
0.0,5.48
0.0,5.95
0.0,6.27
0.0,6.5
0.0,5.2
0.0,4.57
0.0,5.25
0.0,7.35
0.0,6.06
8.03,11.25
11.36,17.58
8.03,24.66
0.0,25.08
0.0,22.38
0.0,18.82
0.0,18.52
0.0,18.44
0.0,16.03
0.0,13.03
0.0,13.34
0.0,15.27
0.0,14.77
0.0,10.45
0.0,10.01
0.0,10.06
0.0,11.76
0.0,7.61
0.0,10.46
0.0,8.66
0.0,7.44
0.0,6.72
0.0,8.64
0.0,7.55
0.0,7.48
0.0,6.59
0.0,7.73
0.0,5.99
0.0,8.68
18.85,17.21
33.97,38.57
42.36,66.9
42.36,96.01
33.97,116.16
18.85,123.34
0.0,116.02
0.0,104.75
0.0,96.63
0.0,84.11
0.0,77.27
0.0,71.0
0.0,64.91
0.0,59.03
0.0,54.19
0.0,49.46
0.0,42.99
0.0,40.03
0.0,36.02
0.0,33.87
0.0,29.82
0.0,28.73
0.0,24.58
0.0,22.36
0.0,22.3
0.0,19.86
0.0,20.48
0.0,18.54
0.0,17.38
0.0,16.27
0.0,13.24
0.0,12.78
0.0,12.24
6.64,14.37
11.97,24.24
14.93,30.41
14.93,41.31
11.97,46.61
6.64,50.41
0.0,47.2
0.0,43.6
0.0,39.02
0.0,35.89
0.0,31.5
0.0,30.08
0.0,26.22
0.0,24.9
0.0,21.18
0.0,21.71
0.0,18.48
0.0,18.15
0.0,16.79
0.0,14.87
0.0,12.94
0.0,12.52
0.0,12.82
0.0,11.9
0.0,10.8
13.18,15.77
18.63,30.19
13.18,38.43
0.0,39.46
0.0,35.08
0.0,34.0
0.0,29.58
0.0,25.55
0.0,26.27
0.0,24.95
0.0,20.47
0.0,19.11
0.0,18.15
0.0,16.23
0.0,16.26
0.0,15.07
0.0,13.32
0.0,12.62
0.0,10.56
0.0,11.45
0.0,7.8
0.0,10.79
0.0,8.11
0.0,9.33
0.0,7.43
0.0,8.27
0.0,6.48
0.0,7.53
0.0,7.38
0.0,6.87
0.0,4.44
0.0,6.13
0.0,7.68
0.0,6.65
0.0,5.75
0.0,5.72
0.0,6.41
0.0,6.24
0.0,5.71
0.0,5.16
0.0,6.16
0.0,3.83
0.0,5.59
0.0,4.95
0.0,6.34
0.0,5.05
0.0,6.29
0.0,5.92
0.0,4.27
0.0,3.92
0.0,5.03
0.0,5.25
0.0,5.88
0.0,6.18
0.0,5.19
0.0,5.14
0.0,5.79
0.0,5.29
0.0,3.74
0.0,5.78
0.0,5.38
0.0,4.86
0.0,4.86
0.0,4.68
0.0,3.21
0.0,4.89
0.0,5.66
0.0,3.77
0.0,5.28
0.0,5.35
0.0,6.42
0.0,5.22
0.0,6.03
0.0,4.62
0.0,6.59
0.0,4.73
0.0,5.22
0.0,5.66
0.0,5.31
0.0,3.56
0.0,4.77
0.0,4.82
0.0,4.72
0.0,5.52
0.0,4.71
0.0,6.22
0.0,4.63
0.0,4.21
0.0,5.64
0.0,5.24
0.0,6.46
0.0,4.16
0.0,5.51
0.0,4.43
0.0,3.73
0.0,6.86
0.0,6.33
0.0,4.95
0.0,5.57
0.0,5.1
0.0,5.62
0.0,6.4
0.0,3.72
0.0,5.92
0.0,4.47
0.0,4.46
0.0,4.13
0.0,4.6
0.0,5.28
0.0,6.79
0.0,6.07
0.0,6.48
0.0,5.69
0.0,5.54
0.0,3.58
0.0,5.17
0.0,5.72
0.0,4.5
33.67,24.28
33.67,48.71
0.0,52.63
0.0,48.53
0.0,43.6
0.0,40.13
0.0,35.41
0.0,31.81
0.0,30.53
0.0,26.86
0.0,24.71
0.0,23.05
0.0,23.15
0.0,17.8
0.0,17.16
0.0,16.14
0.0,15.0
0.0,16.24
0.0,15.02
0.0,14.42
0.0,11.61
0.0,12.2
0.0,10.8
0.0,9.8
0.0,9.05
0.0,10.54
0.0,8.75
0.0,7.95
0.0,8.95
0.0,8.64
0.0,7.71
0.0,5.4
0.0,7.37
0.0,4.6
0.0,6.02
0.0,7.67
0.0,5.91
0.0,5.2
0.0,5.12
0.0,4.47
0.0,6.33
0.0,7.01
0.0,5.5
0.0,6.6
0.0,6.86
0.0,4.56
0.0,6.32
0.0,5.18
0.0,5.33
0.0,5.78
0.0,5.75
0.0,2.73
0.0,5.86
0.0,6.01
0.0,5.9
0.0,6.87
0.0,6.96
0.0,8.66
0.0,4.95
0.0,4.76
0.0,5.66
0.0,4.91
0.0,5.51
0.0,6.12
0.0,4.82
0.0,6.17
0.0,5.34
0.0,5.44
0.0,4.79
0.0,4.1
0.0,3.7
0.0,4.6
0.0,5.11
0.0,5.83
0.0,5.07
0.0,5.45
25.95,19.59
41.98,48.29
41.98,77.84
25.95,94.4
0.0,91.66
0.0,83.11
0.0,74.59
0.0,67.4
0.0,61.72
0.0,56.89
0.0,51.41
0.0,46.0
0.0,42.46
0.0,37.49
0.0,35.52
0.0,30.91
0.0,30.84
0.0,27.02
0.0,23.6
0.0,22.69
0.0,20.41
0.0,18.09
0.0,17.59
0.0,16.52
0.0,16.33
0.0,13.09
0.0,14.39
0.0,11.47
0.0,12.4
0.0,12.53
0.0,10.65
0.0,10.77
0.0,9.3
0.0,9.55
0.0,8.23
0.0,9.12
0.0,7.12
0.0,7.48
0.0,6.29
0.0,8.08
0.0,7.36
0.0,8.23
0.0,5.72
0.0,4.98
0.0,5.47
0.0,5.68
0.0,6.71
0.0,6.68
0.0,5.33
0.0,8.44
0.0,5.38
0.0,6.14
0.0,6.39
0.0,4.22
0.0,5.23
0.0,6.75
0.0,4.01
0.0,5.07
0.0,6.15
0.0,5.32
0.0,4.46
0.0,5.45
0.0,5.75
0.0,4.22
0.0,6.1
0.0,6.23
0.0,4.84
0.0,4.47
0.0,3.73
0.0,3.96
0.0,3.51
0.0,6.46
0.0,5.28
0.0,4.65
0.0,4.03
0.0,4.73
0.0,6.02
0.0,3.19
0.0,6.68
0.0,6.97
0.0,6.95
0.0,5.62
0.0,4.42
0.0,5.29
0.0,6.47
0.0,3.82
0.0,4.36
0.0,6.09
0.0,3.61
0.0,5.48
0.0,5.42
0.0,4.73
0.0,4.34
0.0,5.02
0.0,4.28
0.0,3.5
0.0,4.03
0.0,4.57
0.0,4.89
0.0,4.06
0.0,5.37
0.0,5.83
0.0,5.25
0.0,4.46
0.0,3.96
0.0,5.76
0.0,6.51
0.0,4.6
0.0,4.52
0.0,4.63
0.0,5.44
0.0,3.05
0.0,6.52
0.0,4.72
0.0,3.27
0.0,6.18
0.0,3.91
0.0,5.23
0.0,5.38
0.0,5.88
0.0,3.87
0.0,2.93
0.0,5.87
0.0,4.83
0.0,5.33
10.69,13.49
19.76,23.97
25.82,39.15
27.94,60.63
25.82,76.65
19.76,85.59
10.69,86.91
0.0,81.96
0.0,74.41
0.0,68.62
0.0,62.1
0.0,55.61
0.0,51.24
0.0,45.93
0.0,41.74
0.0,37.26
0.0,34.4
0.0,31.98
0.0,29.95
0.0,25.25
0.0,24.47
0.0,22.28
0.0,22.3
0.0,18.98
0.0,17.75
0.0,16.58
0.0,17.45
0.0,14.71
0.0,14.27
0.0,14.03
0.0,12.28
0.0,10.85
0.0,10.07
0.0,9.83
0.0,8.71
0.0,8.62
0.0,9.28
0.0,7.37
0.0,9.03
0.0,7.81
0.0,6.71
0.0,8.49
0.0,6.19
0.0,5.59
0.0,5.63
0.0,5.99
0.0,6.48
7.86,9.67
0.0,10.7
0.0,11.65
0.0,11.43
0.0,8.92
0.0,8.12
0.0,7.78
0.0,9.85
0.0,8.13
0.0,7.54
0.0,6.43
0.0,7.17
0.0,6.06
0.0,8.07
0.0,8.79
0.0,6.66
0.0,6.6
0.0,4.81
0.0,4.81
0.0,4.09
0.0,5.82
0.0,6.49
0.0,6.52
0.0,4.74
0.0,8.11
0.0,7.16
0.0,4.54
0.0,4.32
0.0,6.01
0.0,5.46
0.0,4.74
0.0,5.57
0.0,5.88
0.0,5.24
0.0,5.36
0.0,3.32
0.0,4.11
0.0,4.07
0.0,5.85
0.0,5.94
0.0,5.95
0.0,4.09
0.0,5.83
0.0,4.74
0.0,8.25
0.0,4.3
0.0,5.13
0.0,5.28
0.0,4.79
0.0,5.32
0.0,5.4
0.0,4.51
0.0,4.34
0.0,5.08
0.0,4.86
0.0,4.53
0.0,4.08
0.0,5.49
0.0,5.72
0.0,4.56
0.0,5.6
0.0,6.01
0.0,5.47
0.0,4.17
0.0,5.9
0.0,4.01
0.0,5.08
0.0,5.28
0.0,5.61
0.0,5.59
0.0,4.17
0.0,5.31
0.0,2.52
0.0,6.36
0.0,5.17
0.0,5.54
0.0,6.24
0.0,5.59
0.0,5.72
0.0,4.94
0.0,4.67
0.0,4.47
0.0,5.65
0.0,6.14
0.0,5.78
0.0,4.03
0.0,5.26
0.0,5.37
0.0,6.23
0.0,4.55
0.0,4.67
0.0,4.12
0.0,3.82
0.0,4.37
0.0,4.49
0.0,4.94
0.0,3.38
0.0,5.02
0.0,6.44
0.0,5.11
0.0,5.62
0.0,4.31
0.0,5.42
0.0,3.89
0.0,5.07
0.0,4.39
0.0,3.5
0.0,5.08
0.0,4.02
0.0,5.5
0.0,6.07
0.0,3.44
0.0,6.61
6.62,9.23
12.24,16.57
15.99,26.84
17.31,39.65
15.99,48.05
12.24,55.59
6.62,55.65
0.0,51.88
0.0,47.03
0.0,43.24
0.0,39.91
0.0,37.2
0.0,34.9
0.0,31.79
0.0,27.91
0.0,25.65
0.0,23.01
0.0,22.54
0.0,18.62
0.0,18.16
0.0,19.79
0.0,15.96
0.0,13.87
0.0,14.51
0.0,12.54
0.0,11.77
0.0,11.56
0.0,11.3
0.0,10.75
0.0,9.84
0.0,9.47
0.0,8.54
0.0,9.09
0.0,8.75
0.0,6.92
0.0,6.47
0.0,5.52
0.0,7.66
0.0,7.85
0.0,7.14
0.0,6.39
0.0,6.88
0.0,6.38
0.0,5.87
0.0,6.93
30.51,23.44
30.51,46.35
0.0,49.22
0.0,45.79
0.0,39.38
0.0,35.75
0.0,34.19
0.0,30.03
0.0,30.22
0.0,24.93
0.0,24.72
0.0,21.62
0.0,21.27
0.0,18.85
0.0,18.12
0.0,17.53
0.0,15.35
0.0,12.46
0.0,13.88
0.0,11.3
0.0,9.97
0.0,9.47
0.0,9.93
0.0,9.97
0.0,9.79
0.0,8.85
0.0,7.68
0.0,7.48
0.0,8.95
0.0,8.25
0.0,7.28
0.0,7.55
0.0,7.44
0.0,6.06
0.0,6.09
0.0,5.82
0.0,5.89
0.0,7.3
0.0,5.15
0.0,6.08
0.0,5.99
0.0,5.61
0.0,5.96
0.0,5.33
0.0,5.14
0.0,5.3
0.0,5.42
0.0,4.77
0.0,6.78
0.0,4.96
6.43,9.46
11.58,17.48
14.44,25.63
14.44,34.5
11.58,41.48
6.43,45.36
0.0,43.48
0.0,39.88
0.0,36.36
0.0,30.97
0.0,30.39
0.0,26.05
0.0,26.15
0.0,22.45
0.0,20.1
0.0,18.82
0.0,17.22
0.0,16.49
0.0,17.6
0.0,13.16
0.0,12.56
0.0,14.71
0.0,11.99
0.0,10.89
0.0,11.8
0.0,9.05
0.0,11.53
0.0,9.4
0.0,10.25
0.0,8.88
0.0,7.67
0.0,7.33
0.0,6.87
0.0,6.05
0.0,7.88
0.0,5.86
0.0,5.95
0.0,5.89
0.0,6.48
0.0,5.69
0.0,6.04
0.0,6.52
0.0,4.79
0.0,8.39
0.0,6.11
0.0,4.98
0.0,5.67
0.0,5.68
0.0,5.7
0.0,5.45
0.0,3.92
0.0,5.38
0.0,5.5
0.0,3.76
0.0,4.84
0.0,3.73
0.0,5.04
0.0,6.07
0.0,5.44
0.0,5.32
0.0,1.91
0.0,4.36
0.0,4.26
0.0,4.13
0.0,5.28
0.0,5.31
0.0,3.89
18.32,15.66
33.86,37.14
44.24,68.01
47.88,97.74
44.24,125.92
33.86,141.3
18.32,146.04
0.0,137.48
0.0,124.21
0.0,111.17
0.0,103.84
0.0,92.02
0.0,84.66
0.0,75.24
0.0,68.12
0.0,62.41
0.0,58.4
0.0,51.15
0.0,46.24
0.0,42.75
0.0,39.12
0.0,35.4
0.0,31.56
0.0,28.48
0.0,24.34
0.0,25.41
0.0,23.17
0.0,22.33
0.0,22.06
0.0,18.13
0.0,17.21
0.0,16.12
0.0,13.86
0.0,12.02
0.0,11.72
0.0,13.37
0.0,10.24
0.0,12.41
0.0,8.65
0.0,8.78
0.0,9.65
0.0,9.19
0.0,5.88
0.0,8.52
0.0,8.36
0.0,7.49
0.0,5.32
0.0,7.07
0.0,6.93
0.0,6.02
0.0,7.18
0.0,6.53
0.0,4.42
0.0,7.76
0.0,5.86
0.0,7.21
0.0,5.22
24.6,20.35
34.79,42.05
24.6,60.71
0.0,62.85
0.0,56.13
0.0,52.22
0.0,45.7
0.0,42.2
0.0,38.13
0.0,33.22
0.0,32.48
0.0,30.56
0.0,25.49
0.0,22.66
0.0,21.84
0.0,21.89
0.0,21.2
0.0,18.65
0.0,18.33
0.0,17.81
0.0,14.47
0.0,10.53
0.0,14.07
0.0,11.31
0.0,11.12
0.0,13.19
0.0,11.44
0.0,8.47
0.0,8.18
0.0,7.73
0.0,8.06
0.0,7.59
0.0,9.0
0.0,7.09
0.0,7.66
0.0,6.92
0.0,6.81
0.0,5.67
0.0,6.34
0.0,6.68
0.0,5.61
0.0,6.71
0.0,6.0
0.0,5.11
0.0,4.36
0.0,3.67
0.0,6.51
0.0,5.35
0.0,5.45
0.0,4.73
0.0,5.91
0.0,4.77
0.0,5.35
0.0,6.43
0.0,5.31
0.0,5.66
0.0,4.0
0.0,6.41
0.0,4.06
0.0,4.31
0.0,5.53
0.0,5.07
0.0,5.93
0.0,6.68
0.0,4.36
0.0,6.44
0.0,5.98
0.0,6.42
0.0,4.3
0.0,4.2
0.0,4.78
0.0,4.44
0.0,4.7
0.0,5.84
0.0,3.23
0.0,4.23
0.0,3.97
0.0,3.72
0.0,3.52
0.0,3.7
0.0,4.74
0.0,6.5
0.0,5.5
0.0,5.83
0.0,4.87
0.0,4.48
0.0,4.51
0.0,6.62
0.0,6.16
0.0,4.53
0.0,6.13
0.0,5.95
0.0,3.42
0.0,6.33
0.0,5.68
0.0,5.18
0.0,4.0
0.0,2.71
0.0,3.8
0.0,4.7
0.0,3.57
0.0,4.61
0.0,4.69
0.0,6.11
0.0,5.66
0.0,4.54
0.0,2.24
0.0,6.31
0.0,3.99
0.0,5.7
0.0,4.8
0.0,5.49
0.0,6.5
0.0,4.4
0.0,7.08
0.0,6.13
0.0,4.12
0.0,5.23
0.0,4.89
0.0,4.84
0.0,5.0
0.0,4.71
0.0,3.43
0.0,8.05
0.0,6.83
0.0,3.14
0.0,5.84
0.0,5.44
0.0,6.98
0.0,4.71
0.0,3.39
0.0,3.96
0.0,5.3
0.0,5.26
0.0,5.33
0.0,3.63
0.0,5.54
0.0,4.59
0.0,6.29
0.0,3.52
0.0,5.7
0.0,4.08
0.0,4.33
0.0,5.98
0.0,5.04
0.0,4.98
0.0,5.92
0.0,7.06
0.0,5.27
0.0,5.62
0.0,4.23
0.0,5.22
0.0,4.99
0.0,5.64
0.0,3.57
0.0,5.3
0.0,4.64
0.0,3.84
0.0,6.44
0.0,3.85
0.0,6.68
0.0,5.63
0.0,4.27
0.0,5.36
0.0,5.23
0.0,5.2
0.0,3.11
0.0,4.19
0.0,4.21
0.0,5.83
0.0,5.34
0.0,5.66
0.0,6.86
0.0,4.7
0.0,4.58
0.0,4.68
0.0,4.94
0.0,5.04
0.0,5.3
0.0,4.12
0.0,6.0
0.0,6.58
0.0,6.16
0.0,4.73
0.0,5.23
0.0,5.53
0.0,5.08
0.0,4.72
0.0,5.47
0.0,7.16
0.0,4.04
0.0,5.71
0.0,6.26
0.0,4.63
0.0,5.78
0.0,4.49
0.0,4.98
5.99,8.33
10.37,16.56
11.97,23.41
10.37,31.11
5.99,32.37
0.0,32.22
0.0,29.17
0.0,26.29
0.0,22.85
0.0,22.77
0.0,19.67
0.0,17.84
0.0,17.84
0.0,16.53
0.0,15.22
0.0,14.69
0.0,13.28
0.0,12.86
0.0,14.52
0.0,9.53
0.0,11.17
0.0,10.08
0.0,8.95
0.0,9.12
0.0,8.95
0.0,7.42
0.0,6.7
0.0,8.29
0.0,6.79
0.0,7.41
0.0,6.08
0.0,6.03
0.0,6.61
0.0,4.79
0.0,5.03
0.0,7.18
0.0,5.69
0.0,6.38
0.0,4.86
0.0,5.76
0.0,4.28
0.0,3.89
0.0,5.56
0.0,5.89
13.28,13.27
23.93,29.7
29.85,49.99
29.85,68.32
23.93,83.21
13.28,88.87
0.0,81.09
0.0,74.59
0.0,69.93
0.0,61.76
0.0,58.15
0.0,49.71
0.0,46.45
0.0,42.8
0.0,37.79
0.0,35.64
0.0,30.78
0.0,29.43
0.0,25.4
0.0,24.55
0.0,23.9
0.0,21.14
0.0,19.62
0.0,18.46
0.0,16.83
0.0,14.82
0.0,14.66
0.0,14.45
0.0,13.39
0.0,11.87
0.0,11.74
0.0,10.31
0.0,9.74
0.0,8.38
0.0,10.2
0.0,9.29
0.0,9.47
0.0,7.54
0.0,5.35
0.0,7.39
0.0,6.59
0.0,6.13
0.0,7.19
0.0,6.87
0.0,5.26
0.0,4.99
0.0,6.45
0.0,6.5
0.0,7.13
0.0,5.34
0.0,6.49
0.0,6.66
0.0,4.28
0.0,4.58
0.0,3.54
28.22,21.7
0.0,25.81
0.0,24.54
0.0,19.03
0.0,20.54
0.0,21.29
0.0,18.02
0.0,15.35
0.0,16.06
0.0,14.1
0.0,14.42
0.0,14.43
0.0,10.77
0.0,10.38
0.0,10.26
0.0,10.11
0.0,10.08
0.0,6.18
0.0,7.4
0.0,8.47
0.0,7.12
0.0,8.99
0.0,7.19
0.0,6.99
0.0,5.61
0.0,6.12
0.0,5.65
0.0,6.24
0.0,6.2
0.0,5.26
0.0,5.51
0.0,6.49
0.0,5.62
0.0,5.9
28.61,20.47
40.47,48.6
28.61,70.94
0.0,71.18
0.0,65.78
0.0,56.82
0.0,51.95
8.33,53.95
13.47,56.97
13.47,65.39
8.33,65.6
0.0,62.82
0.0,55.86
0.0,49.53
0.0,46.53
0.0,41.99
0.0,38.48
0.0,34.73
0.0,32.26
0.0,29.32
0.0,26.25
0.0,23.95
0.0,22.25
0.0,19.28
0.0,20.24
0.0,16.82
0.0,15.65
0.0,15.52
0.0,13.38
0.0,12.68
0.0,14.21
0.0,11.09
0.0,10.69
0.0,10.07
0.0,11.23
0.0,10.22
0.0,8.3
0.0,8.9
0.0,9.9
0.0,7.48
0.0,10.36
0.0,8.57
0.0,6.93
0.0,6.5
0.0,6.35
0.0,7.29
0.0,7.0
0.0,4.8
0.0,4.95
0.0,6.41
0.0,6.5
0.0,7.85
0.0,4.44
0.0,4.71
0.0,6.05
0.0,6.21
0.0,4.54
0.0,5.7
0.0,5.45
0.0,3.23
0.0,6.41
0.0,4.22
0.0,4.3
0.0,6.29
0.0,5.24
0.0,6.77
0.0,4.88
23.82,17.83
41.25,47.66
47.64,78.14
41.25,106.66
23.82,119.07
0.0,113.7
0.0,102.44
0.0,92.78
0.0,82.92
0.0,76.89
0.0,69.0
0.0,62.54
0.0,56.08
0.0,50.64
0.0,47.18
0.0,43.92
0.0,38.87
0.0,36.89
0.0,34.55
0.0,29.8
0.0,26.82
0.0,24.95
0.0,23.12
0.0,20.99
0.0,19.62
0.0,17.44
9.96,22.49
17.26,32.46
19.93,45.35
17.26,58.0
9.96,60.8
0.0,57.32
0.0,54.0
0.0,47.32
0.0,44.24
0.0,37.68
0.0,35.35
0.0,32.32
0.0,29.17
0.0,27.89
0.0,24.07
0.0,23.42
0.0,20.72
0.0,18.79
0.0,20.22
0.0,15.45
0.0,16.64
0.0,15.69
0.0,12.81
0.0,11.83
0.0,10.37
0.0,12.42
0.0,9.91
0.0,9.76
0.0,10.49
0.0,8.57
0.0,10.09
0.0,9.84
0.0,6.96
0.0,9.58
0.0,9.35
0.0,7.41
0.0,8.47
0.0,8.24
0.0,6.83
0.0,4.46
0.0,8.33
0.0,7.81
0.0,6.2
0.0,6.81
0.0,6.71
0.0,6.06
0.0,6.52
0.0,6.29
0.0,5.12
0.0,5.86
0.0,5.06
0.0,5.36
0.0,2.83
0.0,4.0
0.0,5.01
0.0,5.06
0.0,4.63
0.0,4.21
0.0,4.96
0.0,5.42
0.0,4.78
0.0,5.19
0.0,3.62
0.0,4.77
0.0,5.41
0.0,4.97
32.98,23.59
46.65,54.45
32.98,81.5
0.0,78.88
0.0,73.17
0.0,67.5
0.0,59.56
0.0,55.26
0.0,48.68
0.0,45.18
0.0,40.18
0.0,36.13
0.0,34.81
0.0,32.13
0.0,28.19
0.0,26.25
0.0,24.98
0.0,22.16
0.0,20.75
0.0,19.26
0.0,16.96
0.0,16.42
0.0,14.52
0.0,14.74
0.0,13.78
0.0,12.54
0.0,12.78
0.0,11.87
0.0,11.14
0.0,12.22
0.0,9.49
0.0,8.93
0.0,9.27
0.0,8.59
0.0,7.99
0.0,6.84
0.0,7.32
0.0,7.86
0.0,5.26
0.0,6.4
0.0,8.66
0.0,7.42
0.0,7.12
0.0,6.37
0.0,6.9
0.0,6.41
0.0,5.97
0.0,5.92
0.0,5.21
0.0,4.62
0.0,4.11
0.0,3.71
0.0,5.84
0.0,5.05
0.0,4.88
0.0,5.74
0.0,5.52
0.0,4.75
0.0,5.35
0.0,4.25
0.0,5.58
2.87,6.52
5.3,10.11
6.93,13.77
7.5,21.8
6.93,25.13
5.3,27.87
2.87,28.54
0.0,25.68
0.0,24.13
0.0,22.87
0.0,18.78
0.0,17.62
0.0,17.4
0.0,17.0
0.0,15.05
0.0,13.93
0.0,12.02
0.0,12.89
0.0,12.48
0.0,12.52
0.0,11.13
0.0,9.0
0.0,8.71
0.0,8.68
0.0,8.85
0.0,8.03
0.0,6.5
0.0,7.79
12.88,15.83
23.8,30.56
31.1,49.6
33.66,74.55
31.1,91.07
23.8,102.39
12.88,108.73
0.0,98.52
0.0,90.82
0.0,80.96
0.0,73.31
0.0,67.65
0.0,58.78
0.0,55.38
0.0,48.62
0.0,45.95
0.0,41.94
0.0,38.08
0.0,32.99
0.0,32.19
0.0,26.57
0.0,25.18
22.26,34.97
36.01,59.76
36.01,82.81
22.26,97.45
0.0,91.7
0.0,84.0
0.0,75.74
0.0,65.96
0.0,62.23
0.0,56.59
0.0,51.86
0.0,47.29
0.0,43.54
0.0,37.86
0.0,33.77
0.0,32.08
0.0,30.08
0.0,29.07
0.0,23.88
15.62,33.33
28.14,48.59
35.09,69.86
35.09,92.41
28.14,108.46
15.62,111.88
0.0,104.85
0.0,95.47
0.0,87.5
0.0,77.76
0.0,71.5
0.0,65.27
0.0,59.36
0.0,54.77
0.0,46.5
0.0,43.0
0.0,40.22
0.0,36.77
0.0,32.73
0.0,30.98
0.0,28.15
0.0,24.79
0.0,23.67
0.0,23.63
0.0,21.48
0.0,18.62
0.0,16.72
0.0,14.94
0.0,15.8
0.0,15.57
0.0,13.21
0.0,12.66
0.0,11.9
0.0,9.81
0.0,10.96
0.0,9.29
0.0,8.29
0.0,8.49
0.0,7.76
0.0,8.15
0.0,6.48
0.0,8.16
0.0,9.25
0.0,7.49
0.0,6.12
0.0,7.41
0.0,5.51
0.0,5.9
0.0,5.13
0.0,6.42
0.0,4.79
0.0,5.33
0.0,6.38
0.0,6.36
0.0,6.23
0.0,3.7
0.0,6.05
0.0,4.19
0.0,7.57
8.11,11.72
14.62,18.76
18.23,31.36
18.23,42.67
14.62,53.3
8.11,55.65
0.0,51.76
0.0,46.16
0.0,44.43
0.0,39.8
0.0,36.83
0.0,31.77
0.0,30.92
0.0,28.43
0.0,27.47
0.0,23.52
0.0,22.4
0.0,17.55
0.0,18.66
0.0,18.82
15.68,25.49
15.68,33.58
0.0,36.75
0.0,34.42
0.0,28.79
0.0,26.55
0.0,25.15
0.0,24.6
0.0,21.79
0.0,20.14
0.0,19.04
0.0,18.14
0.0,14.79
0.0,14.93
0.0,13.79
0.0,13.39
0.0,11.39
0.0,11.65
0.0,9.01
0.0,8.46
0.0,10.01
0.0,9.93
0.0,7.8
0.0,9.15
0.0,8.5
0.0,6.53
0.0,5.93
0.0,7.48
0.0,6.56
0.0,7.69
0.0,7.23
0.0,7.26
0.0,6.16
0.0,6.27
0.0,4.9
0.0,7.01
0.0,7.23
0.0,6.51
0.0,5.19
0.0,5.05
0.0,5.04
0.0,5.65
0.0,6.27
0.0,6.66
0.0,5.9
0.0,6.06
0.0,3.44
0.0,8.35
0.0,4.16
0.0,4.2
0.0,5.73
0.0,5.51
0.0,5.03
0.0,5.74
0.0,4.01
0.0,5.45
0.0,5.57
0.0,3.54
0.0,4.38
0.0,5.51
0.0,6.33
0.0,6.03
0.0,5.17
0.0,5.0
0.0,4.4
0.0,5.38
0.0,5.67
0.0,3.84
0.0,4.67
0.0,5.44
0.0,5.8
0.0,5.21
0.0,3.8
0.0,4.49
0.0,5.41
0.0,5.46
0.0,5.29
0.0,5.35
0.0,5.1
0.0,7.48
0.0,6.02
0.0,4.2
0.0,4.39
0.0,3.16
0.0,6.32
0.0,3.9
0.0,5.21
0.0,4.99
0.0,4.13
0.0,4.46
0.0,4.31
0.0,4.44
0.0,2.61
0.0,6.73
0.0,3.87
0.0,4.63
0.0,6.05
0.0,5.83
0.0,5.25
13.8,13.07
25.5,29.88
33.31,53.12
36.06,74.76
33.31,95.47
25.5,108.79
13.8,111.99
0.0,104.34
0.0,94.24
0.0,85.28
0.0,77.29
0.0,70.15
0.0,64.36
0.0,59.49
0.0,51.49
0.0,47.4
0.0,43.24
10.11,46.37
18.68,56.24
24.41,66.89
26.42,80.08
24.41,93.47
18.68,102.32
10.11,101.75
0.0,96.51
0.0,85.24
0.0,77.67
0.0,71.7
0.0,63.68
0.0,57.6
26.27,66.52
0.0,68.25
0.0,60.7
0.0,56.62
0.0,49.82
0.0,46.67
0.0,41.68
0.0,35.59
0.0,34.28
0.0,32.23
0.0,29.5
0.0,26.85
0.0,25.5
0.0,22.95
0.0,21.28
0.0,20.34
0.0,19.12
0.0,17.1
0.0,14.89
0.0,12.95
0.0,13.95
0.0,14.35
0.0,12.7
0.0,11.17
0.0,10.43
0.0,9.99
0.0,8.66
0.0,9.34
0.0,9.6
0.0,8.45
0.0,6.89
0.0,9.38
0.0,6.42
0.0,8.01
0.0,5.13
0.0,5.16
0.0,7.35
0.0,6.52
0.0,7.31
0.0,6.47
0.0,4.88
0.0,6.31
0.0,4.45
0.0,7.34
0.0,6.83
0.0,5.48
0.0,5.29
0.0,4.86
0.0,5.71
0.0,6.09
0.0,5.31
0.0,3.43
0.0,3.78
0.0,6.88
0.0,5.68
0.0,6.1
0.0,6.0
0.0,5.0
0.0,5.17
0.0,4.68
0.0,5.1
0.0,5.67
0.0,3.85
0.0,6.45
0.0,3.61
0.0,5.66
0.0,5.34
0.0,2.99
0.0,4.49
0.0,4.85
0.0,6.28
0.0,6.13
0.0,5.8
0.0,3.34
0.0,6.43
0.0,5.19
0.0,4.92
0.0,5.63
0.0,6.27
0.0,4.7
0.0,6.31
0.0,5.23
0.0,5.61
0.0,4.69
0.0,6.75
0.0,5.32
0.0,4.43
0.0,4.16
0.0,5.37
0.0,6.09
0.0,6.22
0.0,5.7
0.0,5.37
0.0,6.17
0.0,5.7
0.0,5.93
0.0,5.63
0.0,3.06
5.98,7.88
10.78,16.95
13.44,24.47
13.44,34.87
10.78,40.36
5.98,42.72
0.0,39.09
0.0,35.83
0.0,34.02
0.0,30.05
0.0,26.14
0.0,25.03
0.0,25.22
0.0,21.09
0.0,19.06
0.0,17.21
0.0,16.04
0.0,14.22
0.0,14.79
0.0,14.37
0.0,12.8
0.0,11.38
0.0,11.23
0.0,10.33
0.0,10.87
0.0,9.01
0.0,8.13
0.0,8.5
0.0,8.25
0.0,8.06
0.0,8.44
0.0,6.5
0.0,6.67
0.0,8.7
0.0,6.03
0.0,6.2
0.0,8.26
0.0,6.75
0.0,7.59
0.0,6.69
0.0,5.78
0.0,6.89
0.0,3.29
0.0,8.45
0.0,6.29
0.0,5.5
0.0,4.29
0.0,4.94
0.0,5.62
0.0,4.34
0.0,5.53
0.0,3.93
0.0,7.99
0.0,4.75
0.0,4.82
0.0,3.3
0.0,4.61
0.0,4.06
0.0,5.5
0.0,3.95
0.0,6.06
0.0,3.29
0.0,6.15
0.0,5.59
0.0,5.72
0.0,5.96
0.0,4.32
0.0,4.94
0.0,5.92
0.0,6.09
0.0,4.55
0.0,3.47
0.0,4.81
0.0,4.72
0.0,4.42
0.0,3.9
0.0,4.81
0.0,6.27
0.0,4.41
0.0,6.2
0.0,5.68
0.0,4.4
0.0,4.29
0.0,4.44
0.0,5.14
0.0,5.52
0.0,4.58
0.0,6.23
0.0,7.01
7.43,9.22
7.43,16.52
0.0,14.56
0.0,15.82
0.0,14.05
0.0,14.19
0.0,10.98
0.0,10.82
0.0,12.03
0.0,9.59
0.0,9.13
0.0,8.0
0.0,8.96
0.0,9.33
0.0,6.75
0.0,8.27
0.0,6.6
0.0,5.86
0.0,8.76
0.0,7.85
0.0,5.53
0.0,7.7
0.0,6.32
0.0,6.92
0.0,5.98
0.0,6.24
0.0,3.97
0.0,6.87
0.0,5.67
0.0,5.54
0.0,5.65
0.0,4.83
0.0,6.02
0.0,5.23
0.0,6.0
0.0,4.1
0.0,3.81
0.0,6.82
0.0,5.02
0.0,4.4
0.0,7.41
0.0,2.98
0.0,6.42
0.0,5.48
0.0,4.78
0.0,3.81
0.0,5.72
0.0,6.58
0.0,7.15
0.0,6.13
0.0,4.83
0.0,5.3
0.0,5.99
31.7,24.04
31.7,47.19
0.0,50.68
0.0,46.98
0.0,39.62
0.0,37.36
0.0,36.21
0.0,31.29
0.0,27.54
0.0,25.82
0.0,25.13
0.0,23.16
0.0,20.38
0.0,18.93
0.0,17.63
0.0,16.51
0.0,14.61
0.0,15.02
0.0,12.38
0.0,12.88
0.0,11.69
0.0,11.99
0.0,8.35
0.0,10.14
0.0,7.9
0.0,9.55
0.0,8.29
0.0,9.88
0.0,8.02
0.0,8.26
0.0,4.8
0.0,8.7
0.0,8.64
0.0,7.45
0.0,8.21
0.0,5.49
0.0,4.29
0.0,6.35
0.0,6.98
0.0,4.69
0.0,7.57
0.0,6.01
0.0,6.34
0.0,5.73
10.35,11.63
0.0,14.54
0.0,14.55
0.0,9.94
0.0,11.2
0.0,9.1
0.0,9.41
0.0,9.57
0.0,7.84
0.0,7.03
0.0,7.61
0.0,10.48
0.0,7.49
0.0,6.34
0.0,7.12
0.0,7.28
0.0,6.09
0.0,7.0
0.0,6.2
0.0,8.51
0.0,6.52
0.0,7.19
0.0,6.39
0.0,6.36
0.0,6.59
0.0,5.68
0.0,4.38
0.0,7.02
0.0,5.02
0.0,5.92
0.0,6.76
0.0,4.97
0.0,5.71
0.0,3.06
0.0,4.29
0.0,5.93
0.0,4.35
0.0,4.43
0.0,4.75
0.0,4.48
0.0,3.19
0.0,5.2
0.0,2.77
0.0,4.41
0.0,5.84
0.0,5.0
0.0,5.12
0.0,5.56
0.0,7.41
0.0,5.13
0.0,6.51
0.0,3.07
0.0,4.93
0.0,3.53
0.0,2.38
0.0,4.02
0.0,5.73
0.0,4.1
0.0,7.19
0.0,5.6
0.0,5.34
0.0,4.66
0.0,6.12
0.0,5.13
0.0,5.15
0.0,4.73
0.0,3.52
15.84,13.81
22.39,30.52
15.84,41.82
0.0,42.42
0.0,37.38
0.0,34.75
0.0,31.57
0.0,27.51
0.0,24.43
0.0,23.85
0.0,21.48
0.0,20.74
0.0,19.09
0.0,17.45
0.0,16.36
0.0,14.57
0.0,13.87
0.0,12.61
0.0,11.84
0.0,11.1
0.0,10.6
0.0,10.58
0.0,10.31
0.0,9.94
0.0,10.52
0.0,8.28
0.0,8.25
12.23,14.31
21.19,28.75
24.47,46.65
21.19,56.41
12.23,66.56
0.0,62.16
0.0,55.96
0.0,54.06
0.0,45.59
0.0,42.54
0.0,39.14
0.0,36.6
0.0,33.01
0.0,29.64
0.0,25.49
0.0,23.14
0.0,24.32
0.0,21.66
0.0,17.3
0.0,17.24
0.0,16.55
0.0,17.48
0.0,14.62
0.0,13.64
0.0,13.21
0.0,11.97
0.0,9.86
0.0,11.14
0.0,9.87
0.0,8.75
0.0,8.03
0.0,9.52
0.0,8.54
0.0,6.2
0.0,7.66
0.0,6.66
0.0,7.88
0.0,6.47
0.0,4.81
0.0,6.24
0.0,6.94
0.0,6.27
0.0,6.59
0.0,4.6
0.0,6.28
0.0,4.2
0.0,6.29
0.0,6.87
0.0,5.07
0.0,6.18
0.0,5.43
0.0,5.66
0.0,4.43
0.0,5.74
0.0,2.76
0.0,4.88
0.0,4.98
0.0,3.94
5.93,6.47
8.39,14.84
5.93,18.95
0.0,19.89
0.0,15.17
0.0,16.45
0.0,14.03
0.0,15.17
0.0,14.39
0.0,12.13
0.0,13.59
0.0,13.07
0.0,10.31
0.0,9.93
0.0,10.36
0.0,10.44
0.0,8.23
0.0,7.76
0.0,6.73
0.0,10.46
0.0,6.95
0.0,7.95
0.0,8.01
0.0,6.39
0.0,7.15
0.0,7.92
0.0,5.98
0.0,7.46
0.0,4.49
0.0,4.21
0.0,5.3
0.0,5.73
0.0,7.36
0.0,4.88
0.0,6.69
0.0,3.78
0.0,7.58
0.0,4.33
0.0,6.23
0.0,5.01
0.0,7.12
0.0,4.74
0.0,6.48
0.0,4.92
0.0,6.49
0.0,4.55
0.0,6.02
0.0,5.69
0.0,7.41
0.0,6.97
0.0,4.14
0.0,5.92
0.0,4.53
0.0,4.33
0.0,5.89
0.0,5.89
0.0,4.21
0.0,6.43
0.0,4.04
0.0,6.28
0.0,4.78
0.0,3.57
0.0,4.12
0.0,4.77
0.0,6.0
0.0,4.68
0.0,4.4
0.0,6.35
0.0,5.24
0.0,5.53
0.0,5.46
0.0,4.99
0.0,4.69
0.0,5.26
0.0,4.91
0.0,4.79
0.0,4.47
0.0,4.28
0.0,5.75
0.0,4.77
0.0,4.44
16.12,15.78
29.79,34.98
38.93,59.25
42.14,87.28
38.93,111.79
29.79,127.08
16.12,130.66
0.0,122.53
0.0,109.87
0.0,96.69
0.0,89.58
0.0,79.98
0.0,73.38
0.0,67.61
0.0,60.87
0.0,53.8
7.66,55.57
13.81,60.2
17.22,65.58
17.22,76.07
13.81,79.38
7.66,79.17
0.0,74.77
0.0,67.58
0.0,62.47
0.0,56.6
0.0,50.01
0.0,47.46
0.0,44.06
0.0,37.49
0.0,32.26
0.0,30.74
0.0,29.76
0.0,25.59
0.0,25.32
0.0,25.08
0.0,19.68
0.0,19.7
0.0,18.68
0.0,17.04
0.0,13.31
0.0,14.47
0.0,13.64
0.0,11.85
0.0,11.5
0.0,11.64
0.0,11.18
0.0,8.73
0.0,8.38
0.0,10.19
0.0,7.71
0.0,8.88
0.0,7.83
0.0,7.11
0.0,9.04
0.0,7.87
20.53,18.96
37.0,42.61
46.14,73.79
46.14,102.24
37.0,124.98
20.53,134.05
0.0,125.63
0.0,113.73
0.0,102.14
0.0,93.38
0.0,82.92
0.0,75.76
0.0,69.79
0.0,60.51
0.0,56.47
0.0,51.17
0.0,48.27
0.0,43.08
0.0,39.17
0.0,37.53
0.0,31.5
0.0,29.33
0.0,27.94
0.0,25.1
0.0,23.02
0.0,21.1
0.0,20.48
0.0,19.1
0.0,16.1
0.0,15.39
0.0,14.57
0.0,15.2
0.0,12.55
0.0,10.23
0.0,11.7
0.0,9.63
0.0,8.09
0.0,10.52
0.0,10.58
0.0,8.69
0.0,9.08
0.0,7.41
0.0,8.07
0.0,6.77
0.0,7.97
0.0,6.85
0.0,6.59
0.0,8.13
0.0,6.57
0.0,6.53
0.0,6.73
0.0,9.18
0.0,8.35
0.0,6.12
4.25,8.85
7.36,13.3
8.5,19.02
7.36,23.56
4.25,26.03
0.0,25.92
0.0,22.41
0.0,21.37
0.0,19.32
0.0,19.36
0.0,16.38
0.0,15.05
0.0,15.12
0.0,12.08
0.0,13.52
0.0,11.86
0.0,11.36
0.0,10.19
0.0,10.86
0.0,9.65
0.0,8.93
0.0,8.34
0.0,7.32
0.0,8.0
0.0,8.93
0.0,7.76
0.0,8.39
0.0,6.81
0.0,8.42
0.0,8.13
0.0,7.12
0.0,5.26
0.0,5.76
0.0,4.64
10.08,10.34
18.62,24.44
24.33,39.46
26.33,57.62
24.33,72.25
18.62,81.65
10.08,84.02
0.0,77.9
0.0,71.28
0.0,64.55
0.0,57.91
0.0,53.61
0.0,48.83
0.0,43.2
0.0,40.69
0.0,36.9
0.0,31.46
0.0,32.54
0.0,26.62
0.0,24.0
0.0,24.77
0.0,21.05
0.0,21.17
0.0,19.15
0.0,15.45
0.0,16.2
0.0,14.5
0.0,13.92
0.0,13.33
0.0,11.26
2.8,12.45
5.04,15.94
6.28,20.06
6.28,23.39
5.04,24.82
2.8,26.78
0.0,25.68
0.0,24.37
0.0,20.76
0.0,20.21
0.0,17.52
0.0,17.79
0.0,16.86
0.0,12.46
0.0,13.45
0.0,11.37
0.0,12.3
0.0,12.0
0.0,9.34
0.0,11.75
0.0,9.5
0.0,9.55
0.0,9.07
0.0,6.69
0.0,7.54
0.0,7.6
0.0,6.3
0.0,7.99
0.0,9.13
0.0,7.29
0.0,6.83
0.0,8.82
0.0,5.77
0.0,7.18
0.0,5.03
0.0,5.44
0.0,3.93
0.0,5.16
0.0,4.75
0.0,5.46
0.0,7.39
0.0,5.59
0.0,4.91
0.0,6.5
0.0,5.18
0.0,5.92
0.0,4.41
0.0,6.3
0.0,7.91
0.0,5.87
0.0,5.7
0.0,4.77
0.0,4.65
0.0,5.47
0.0,5.3
5.93,10.41
9.6,15.47
9.6,22.35
5.93,27.71
0.0,25.26
0.0,21.48
0.0,21.99
0.0,18.79
0.0,18.74
0.0,14.33
0.0,16.21
0.0,14.59
0.0,14.48
0.0,12.75
0.0,11.6
0.0,9.26
0.0,9.73
0.0,10.6
0.0,10.07
0.0,8.05
0.0,7.33
0.0,7.36
0.0,8.55
0.0,8.21
0.0,8.25
0.0,8.07
0.0,3.98
0.0,6.88
0.0,6.95
0.0,7.5
0.0,7.46
0.0,5.7
0.0,5.63
0.0,5.93
0.0,5.38
0.0,4.49
0.0,6.1
27.57,20.76
44.62,49.91
44.62,83.09
27.57,99.79
0.0,97.09
0.0,88.05
0.0,79.43
0.0,72.13
0.0,65.62
0.0,59.77
0.0,53.44
0.0,49.6
0.0,44.34
0.0,41.85
0.0,38.14
0.0,34.47
0.0,29.31
0.0,27.73
0.0,26.41
0.0,23.61
0.0,22.68
0.0,20.25
17.01,28.28
29.46,46.7
34.02,69.75
29.46,86.26
17.01,95.05
0.0,89.52
0.0,81.94
0.0,75.45
0.0,67.57
0.0,60.87
0.0,54.24
0.0,48.46
0.0,45.62
0.0,41.12
0.0,37.96
0.0,34.21
0.0,32.21
0.0,29.97
0.0,27.96
0.0,22.7
0.0,21.57
0.0,21.58
0.0,18.38
0.0,17.26
0.0,15.23
0.0,15.6
0.0,14.13
0.0,13.56
0.0,13.41
0.0,11.16
0.0,10.44
0.0,10.64
0.0,10.82
0.0,10.54
0.0,9.23
0.0,9.01
0.0,8.77
0.0,7.32
0.0,7.39
0.0,7.89
0.0,7.34
0.0,6.19
0.0,8.16
0.0,4.9
0.0,5.81
0.0,7.36
0.0,6.56
0.0,6.07
0.0,6.23
0.0,6.93
0.0,4.87
0.0,6.99
0.0,4.24
0.0,5.05
0.0,5.49
0.0,6.52
0.0,6.55
0.0,4.12
0.0,4.45
0.0,5.26
0.0,6.34
0.0,5.79
0.0,6.27
0.0,4.58
0.0,5.67
0.0,5.95
0.0,4.79
0.0,5.4
0.0,4.93
0.0,4.27
0.0,4.61
0.0,4.54
0.0,5.35
0.0,5.06
0.0,4.47
0.0,5.51
0.0,5.44
0.0,4.73
0.0,5.63
0.0,4.02
0.0,7.12
0.0,4.9
0.0,6.56
0.0,5.91
0.0,4.99
0.0,5.32
0.0,6.63
0.0,4.6
0.0,5.49
7.65,9.76
7.65,16.02
0.0,16.93
0.0,15.87
0.0,11.15
0.0,13.22
0.0,12.27
0.0,11.75
0.0,11.18
0.0,9.29
0.0,8.95
0.0,9.68
0.0,8.6
0.0,7.81
0.0,7.79
0.0,7.36
0.0,5.84
0.0,4.95
0.0,6.48
0.0,7.03
0.0,6.6
0.0,3.93
0.0,6.72
0.0,4.65
0.0,6.61
0.0,6.58
0.0,6.92
0.0,6.93
0.0,6.68
0.0,5.49
0.0,5.72
0.0,7.72
0.0,7.59
0.0,5.9
0.0,4.25
0.0,5.42
0.0,7.46
0.0,6.21
0.0,8.0
0.0,3.81
0.0,5.34
0.0,5.72
0.0,5.75
0.0,3.06
0.0,4.94
7.03,8.61
12.17,17.46
14.05,26.01
12.17,35.22
7.03,37.75
0.0,35.86
0.0,33.34
0.0,31.48
0.0,29.1
0.0,24.42
0.0,24.43
0.0,22.56
21.0,32.22
36.37,53.31
42.0,82.78
36.37,103.85
21.0,115.48
0.0,109.44
0.0,98.92
0.0,89.92
0.0,81.32
0.0,73.75
0.0,66.62
0.0,59.43
0.0,55.95
0.0,48.28
0.0,45.3
0.0,40.49
0.0,36.76
0.0,35.06
0.0,31.4
0.0,27.79
0.0,25.47
0.0,24.03
0.0,22.24
0.0,19.85
0.0,19.23
0.0,18.74
0.0,17.76
0.0,15.06
0.0,14.97
0.0,13.38
0.0,13.43
0.0,11.05
0.0,11.88
0.0,10.22
0.0,9.4
0.0,9.08
0.0,9.98
0.0,8.49
0.0,7.78
0.0,6.76
0.0,8.35
0.0,5.95
0.0,6.79
0.0,6.91
0.0,6.83
0.0,6.9
0.0,3.98
0.0,5.49
0.0,6.01
0.0,5.0
0.0,6.56
0.0,6.32
0.0,5.02
0.0,5.56
0.0,5.14
0.0,5.45
0.0,4.99
0.0,7.1
0.0,6.3
0.0,5.76
0.0,5.48
0.0,6.7
0.0,4.65
0.0,5.25
0.0,4.85
0.0,6.7
0.0,6.36
0.0,5.0
0.0,7.38
0.0,4.1
0.0,2.14
0.0,4.64
0.0,6.65
14.64,14.87
26.37,29.39
32.89,52.89
32.89,75.78
26.37,89.22
14.64,95.07
0.0,89.22
0.0,82.38
0.0,76.09
0.0,66.24
0.0,59.42
0.0,55.36
0.0,51.04
0.0,45.29
0.0,41.56
0.0,38.69
0.0,37.87
0.0,30.18
0.0,27.36
0.0,26.38
0.0,23.52
0.0,24.18
0.0,19.97
0.0,19.53
0.0,17.02
0.0,15.89
0.0,14.72
0.0,15.47
0.0,13.12
0.0,11.04
0.0,11.2
0.0,11.11
0.0,9.82
0.0,10.54
0.0,11.57
0.0,9.92
0.0,9.74
0.0,6.99
0.0,7.5
0.0,7.01
0.0,7.0
0.0,6.91
0.0,6.31
0.0,6.05
0.0,7.24
0.0,7.8
0.0,7.03
0.0,7.42
0.0,6.54
0.0,6.35
0.0,4.52
0.0,3.94
0.0,5.69
0.0,5.66
0.0,4.95
0.0,3.47
0.0,4.36
0.0,4.17
0.0,5.51
0.0,7.58
0.0,5.37
0.0,5.46
0.0,3.71
0.0,4.29
0.0,4.54
0.0,5.35
0.0,3.71
0.0,4.64
0.0,5.74
0.0,4.86
0.0,5.97
0.0,4.07
0.0,5.01
0.0,4.93
0.0,6.36
0.0,5.09
0.0,5.31
0.0,5.6
0.0,5.28
0.0,6.15
0.0,2.83
0.0,5.54
0.0,5.13
0.0,6.27
0.0,3.2
0.0,4.82
0.0,4.22
0.0,5.78
0.0,5.79
0.0,3.24
0.0,4.89
0.0,5.48
0.0,4.31
0.0,5.83
0.0,4.19
0.0,5.74
0.0,6.36
0.0,5.21
0.0,5.59
0.0,5.32
0.0,2.47
0.0,7.44
0.0,3.59
0.0,5.61
0.0,5.64
0.0,5.47
0.0,5.0
0.0,5.2
0.0,4.97
0.0,3.61
0.0,6.42
0.0,5.73
12.66,11.92
21.93,25.47
25.32,42.51
21.93,58.02
12.66,65.79
0.0,61.66
0.0,58.46
0.0,51.82
0.0,46.69
0.0,41.69
0.0,39.08
0.0,35.57
0.0,29.71
0.0,30.05
0.0,27.72
0.0,25.88
0.0,21.0
0.0,21.68
0.0,19.56
0.0,18.78
0.0,17.97
0.0,15.83
0.0,14.56
0.0,12.27
0.0,12.14
0.0,13.03
0.0,10.31
0.0,10.29
0.0,10.46
0.0,9.51
0.0,8.25
0.0,5.91
0.0,7.43
0.0,8.46
0.0,8.12
15.95,17.0
22.56,32.28
15.95,43.65
0.0,42.31
0.0,40.17
0.0,34.74
0.0,31.12
0.0,30.61
0.0,27.76
0.0,25.23
0.0,23.32
0.0,19.0
0.0,19.5
0.0,17.0
0.0,18.65
0.0,15.11
0.0,15.94
0.0,14.38
0.0,13.2
0.0,13.61
0.0,12.38
0.0,9.74
0.0,11.63
0.0,8.91
0.0,7.88
0.0,8.04
0.0,7.01
0.0,9.34
0.0,7.16
0.0,8.13
0.0,7.84
0.0,8.52
0.0,5.14
0.0,7.06
0.0,5.7
0.0,2.67
0.0,5.18
0.0,7.42
0.0,4.68
0.0,6.09
0.0,4.3
0.0,6.66
0.0,4.74
0.0,5.04
0.0,6.87
0.0,6.94
0.0,5.15
0.0,5.89
0.0,4.95
0.0,4.08
0.0,4.27
0.0,5.84
0.0,4.74
0.0,6.11
0.0,6.15
0.0,6.12
0.0,4.56
0.0,6.37
0.0,5.96
0.0,5.1
0.0,2.55
0.0,5.55
0.0,5.58
0.0,5.25
0.0,5.07
0.0,3.76
0.0,4.52
0.0,5.84
0.0,4.22
0.0,3.75
0.0,3.96
0.0,6.16
0.0,4.25
0.0,5.98
0.0,4.62
0.0,5.41
0.0,4.11
0.0,3.91
0.0,4.98
0.0,5.62
0.0,5.04
0.0,3.89
0.0,5.86
0.0,5.0
0.0,6.12
0.0,4.11
0.0,4.99
0.0,6.0
0.0,5.43
0.0,6.0
0.0,6.07
0.0,4.69
0.0,6.18
0.0,5.12
0.0,3.66
0.0,4.27
0.0,4.83
0.0,5.58
0.0,7.27
0.0,5.27
0.0,4.21
0.0,4.83
0.0,3.96
0.0,5.18
0.0,4.28
0.0,4.44
0.0,5.16
0.0,5.48
0.0,3.04
0.0,3.38
0.0,6.12
0.0,3.87
0.0,5.05
0.0,4.33
0.0,5.07
0.0,4.65
0.0,4.92
0.0,4.83
0.0,5.74
0.0,5.29
0.0,5.02
0.0,4.08
0.0,4.47
0.0,6.61
0.0,5.59
0.0,6.28
0.0,5.3
0.0,4.06
0.0,4.91
0.0,5.34
0.0,6.01
0.0,4.37
0.0,5.52
0.0,4.21
0.0,5.6
0.0,5.81
0.0,6.64
0.0,4.93
0.0,6.33
0.0,5.55
0.0,3.9
0.0,5.14
0.0,5.61
0.0,4.36
0.0,3.04
0.0,5.37
0.0,3.53
0.0,6.06
0.0,5.49
0.0,5.4
0.0,4.33
39.39,29.13
0.0,33.42
0.0,31.56
0.0,27.36
0.0,26.17
0.0,25.2
0.0,21.32
0.0,19.48
0.0,21.1
0.0,19.17
0.0,15.13
0.0,15.97
0.0,15.46
0.0,13.1
0.0,12.51
0.0,10.32
0.0,11.43
0.0,10.61
0.0,9.84
0.0,8.98
0.0,8.6
0.0,7.19
0.0,7.39
0.0,7.2
0.0,7.92
0.0,7.52
0.0,6.55
0.0,6.75
0.0,4.98
0.0,7.26
0.0,7.47
0.0,6.99
0.0,7.5
0.0,6.41
0.0,5.13
0.0,4.78
0.0,5.55
0.0,5.24
0.0,7.69
0.0,5.19
0.0,5.61
0.0,5.24
0.0,3.85
0.0,5.06
0.0,4.7
0.0,4.23
0.0,4.44
0.0,5.53
0.0,3.82
0.0,6.17
0.0,4.8
0.0,4.71
0.0,6.31
0.0,3.27
0.0,4.76
0.0,5.99
0.0,5.8
0.0,5.34
0.0,5.11
0.0,3.66
0.0,4.27
0.0,5.8
0.0,3.87
0.0,6.28
0.0,4.91
0.0,4.22
0.0,5.53
0.0,4.92
0.0,5.34
0.0,3.16
0.0,4.19
0.0,5.0
0.0,4.53
0.0,5.06
0.0,4.01
0.0,5.59
0.0,4.35
0.0,6.03
0.0,6.1
0.0,4.14
0.0,4.26
0.0,4.48
0.0,5.31
0.0,5.11
0.0,6.04
12.12,11.45
20.99,28.83
24.23,41.81
20.99,55.69
12.12,62.97
0.0,60.62
0.0,56.1
0.0,49.88
0.0,43.94
0.0,41.98
0.0,37.76
0.0,34.64
0.0,31.83
0.0,27.57
0.0,26.73
0.0,24.4
0.0,22.07
0.0,19.39
0.0,18.65
0.0,15.0
0.0,17.77
0.0,14.61
0.0,14.23
0.0,12.83
0.0,12.87
0.0,14.08
0.0,12.02
0.0,9.01
0.0,9.67
0.0,8.3
0.0,9.72
0.0,9.59
0.0,7.88
0.0,8.82
0.0,6.94
0.0,7.6
0.0,6.89
0.0,6.61
0.0,5.2
0.0,5.4
0.0,5.17
0.0,4.83
0.0,5.0
0.0,6.73
0.0,6.18
0.0,6.01
0.0,5.53
0.0,4.76
19.83,15.47
34.34,40.93
39.65,66.52
34.34,88.04
19.83,101.71
0.0,96.05
0.0,86.13
0.0,77.56
0.0,70.5
0.0,63.31
0.0,59.01
0.0,52.8
0.0,47.57
0.0,43.85
0.0,40.23
0.0,36.14
0.0,32.74
0.0,30.37
0.0,28.77
0.0,24.88
0.0,22.51
0.0,21.89
0.0,19.43
0.0,20.51
0.0,17.73
0.0,15.21
0.0,14.16
0.0,12.82
0.0,14.07
0.0,12.99
0.0,11.36
0.0,10.07
0.0,7.56
0.0,9.11
0.0,6.57
0.0,7.62
0.0,8.41
0.0,8.67
0.0,8.43
0.0,7.08
0.0,8.45
0.0,7.97
0.0,6.8
0.0,7.27
0.0,6.31
0.0,5.29
16.32,14.51
28.28,32.76
32.65,56.29
28.28,74.26
16.32,83.24
0.0,80.78
0.0,73.71
0.0,65.64
0.0,59.55
0.0,55.12
0.0,49.75
0.0,43.84
0.0,39.23
0.0,36.3
0.0,32.75
0.0,30.23
0.0,29.07
0.0,25.83
0.0,22.83
0.0,20.8
0.0,18.53
0.0,18.76
0.0,17.56
0.0,16.8
0.0,16.81
0.0,13.15
0.0,11.4
0.0,12.7
0.0,12.72
0.0,10.39
0.0,9.82
0.0,8.11
0.0,8.31
0.0,8.68
0.0,9.84
0.0,6.64
0.0,7.02
0.0,9.04
0.0,8.24
0.0,8.46
0.0,5.64
0.0,6.4
0.0,5.4
0.0,7.24
0.0,6.39
0.0,7.46
23.56,18.28
23.56,36.3
0.0,38.55
0.0,35.02
0.0,32.8
0.0,29.42
0.0,27.12
0.0,26.1
0.0,23.56
0.0,20.74
0.0,18.95
0.0,17.42
0.0,18.91
0.0,17.91
0.0,15.02
0.0,14.59
0.0,12.55
0.0,13.73
0.0,9.35
0.0,10.85
0.0,10.02
0.0,8.68
0.0,8.43
0.0,10.24
0.0,10.63
0.0,8.75
0.0,7.81
0.0,8.29
0.0,7.83
0.0,6.0
0.0,6.52
0.0,7.56
0.0,7.06
0.0,4.74
0.0,6.29
0.0,7.02
0.0,6.23
0.0,5.71
0.0,5.69
0.0,7.25
0.0,4.76
0.0,4.1
0.0,5.45
0.0,4.62
0.0,4.95
0.0,7.21
0.0,5.86
0.0,8.03
0.0,4.04
0.0,4.64
0.0,4.31
0.0,5.38
0.0,5.24
0.0,4.59
0.0,4.38
0.0,4.67
0.0,4.95
0.0,6.56
0.0,5.98
0.0,4.41
0.0,5.88
0.0,3.53
0.0,4.23
0.0,4.96
0.0,5.15
0.0,6.46
0.0,6.32
0.0,4.25
0.0,5.75
0.0,4.26
0.0,5.84
0.0,4.99
0.0,4.26
0.0,4.03
0.0,5.56
0.0,3.81
0.0,3.53
0.0,4.81
0.0,6.37
0.0,6.36
0.0,6.25
0.0,5.1
0.0,5.24
0.0,5.3
0.0,5.36
0.0,5.41
0.0,3.25
21.12,15.71
34.17,40.17
34.17,65.76
21.12,77.69
0.0,75.93
0.0,68.63
0.0,62.4
0.0,55.63
0.0,51.02
0.0,45.54
0.0,44.45
0.0,39.68
0.0,35.4
0.0,32.07
0.0,29.32
0.0,26.85
0.0,25.68
0.0,22.07
0.0,19.89
0.0,19.5
0.0,19.21
0.0,16.78
0.0,15.11
0.0,14.1
0.0,14.14
0.0,13.5
0.0,11.92
0.0,9.14
0.0,11.43
0.0,11.07
18.91,18.75
32.74,41.85
37.81,66.25
32.74,87.27
18.91,97.36
0.0,94.2
0.0,85.44
0.0,76.98
0.0,69.58
0.0,64.13
0.0,57.42
0.0,52.73
0.0,49.35
0.0,44.34
0.0,40.88
0.0,35.01
0.0,32.03
0.0,30.17
0.0,27.64
0.0,24.15
0.0,21.83
0.0,22.59
0.0,18.91
0.0,17.74
0.0,17.06
0.0,15.9
0.0,15.2
0.0,14.33
0.0,12.86
0.0,11.32
0.0,11.19
0.0,11.13
0.0,8.89
0.0,10.25
0.0,8.01
0.0,9.5
0.0,7.41
0.0,6.88
0.0,8.81
0.0,7.15
0.0,5.93
0.0,8.31
0.0,6.46
0.0,7.63
0.0,7.35
0.0,5.79
0.0,7.78
0.0,6.78
0.0,7.46
0.0,6.9
0.0,5.9
0.0,5.89
0.0,4.46
0.0,4.2
0.0,6.28
0.0,5.08
0.0,7.42
0.0,6.4
0.0,2.38
0.0,5.59
0.0,3.24
0.0,4.43
0.0,4.93
0.0,5.44
0.0,4.46
0.0,5.91
0.0,4.92
0.0,6.25
0.0,4.21
0.0,5.46
0.0,4.41
0.0,4.29
0.0,4.22
0.0,7.05
0.0,3.94
0.0,6.36
0.0,4.62
0.0,5.07
0.0,4.9
0.0,3.94
0.0,5.65
0.0,4.66
0.0,5.4
0.0,4.91
0.0,3.84
0.0,6.18
0.0,5.89
0.0,5.27
0.0,5.85
0.0,4.2
0.0,5.81
0.0,3.45
0.0,5.32
0.0,4.73
0.0,4.55
0.0,5.71
0.0,5.23
0.0,5.4
0.0,4.47
0.0,5.2
0.0,4.62
0.0,4.04
0.0,4.99
0.0,3.13
0.0,5.7
0.0,3.37
0.0,3.7
0.0,5.12
0.0,4.58
0.0,4.36
0.0,4.74
0.0,5.52
0.0,5.88
0.0,5.66
0.0,4.35
0.0,6.08
0.0,4.84
0.0,4.99
0.0,5.74
0.0,6.33
0.0,5.98
0.0,5.33
0.0,5.48
0.0,5.24
0.0,4.73
9.46,11.1
17.47,22.67
22.83,36.1
24.71,53.96
22.83,67.04
17.47,76.21
9.46,78.38
0.0,74.19
0.0,65.36
0.0,59.24
0.0,55.48
0.0,49.91
0.0,44.36
0.0,41.68
0.0,38.6
0.0,34.28
0.0,32.92
0.0,28.98
0.0,25.71
0.0,24.9
8.8,26.67
16.26,36.48
21.24,49.91
22.99,62.12
21.24,74.64
16.26,82.94
8.8,82.18
0.0,77.7
0.0,69.61
0.0,63.79
0.0,56.9
0.0,52.28
0.0,45.87
0.0,41.72
0.0,39.54
0.0,35.91
0.0,34.97
0.0,28.29
0.0,26.86
0.0,24.34
0.0,22.27
0.0,22.12
0.0,19.79
0.0,18.2
0.0,16.64
0.0,16.31
0.0,13.78
0.0,13.33
0.0,13.58
0.0,12.2
0.0,9.91
0.0,8.05
0.0,10.17
0.0,9.49
0.0,10.41
0.0,8.07
0.0,7.44
0.0,6.31
0.0,8.77
0.0,9.27
0.0,6.79
0.0,5.86
0.0,7.17
0.0,7.17
0.0,5.59
0.0,5.25
0.0,6.67
0.0,7.75
0.0,5.22
0.0,6.34
0.0,5.39
0.0,5.11
0.0,3.89
0.0,5.26
0.0,5.2
0.0,6.99
0.0,6.22
0.0,6.18
0.0,4.89
0.0,5.97
0.0,4.04
0.0,6.66
0.0,6.09
0.0,5.89
0.0,5.05
0.0,3.9
0.0,4.8
0.0,6.69
0.0,4.95
0.0,5.16
0.0,5.3
0.0,3.61
0.0,5.71
0.0,5.0
0.0,5.52
0.0,3.82
0.0,5.13
0.0,5.9
0.0,5.96
0.0,5.45
0.0,4.69
0.0,5.9
0.0,2.84
0.0,5.57
0.0,3.93
0.0,5.01
0.0,5.14
0.0,4.05
0.0,4.48
0.0,6.42
0.0,2.51
0.0,4.82
0.0,4.32
0.0,6.47
0.0,5.83
0.0,6.48
0.0,4.25
0.0,5.5
0.0,5.76
0.0,6.21
0.0,5.4
0.0,4.75
0.0,4.98
0.0,5.33
0.0,5.14
0.0,4.96
0.0,5.23
0.0,4.04
13.61,11.17
22.02,29.87
22.02,41.16
13.61,50.91
0.0,50.43
0.0,47.58
0.0,42.24
0.0,37.29
0.0,33.79
0.0,31.65
0.0,29.35
0.0,27.61
0.0,24.5
0.0,22.6
0.0,18.92
0.0,19.95
0.0,18.33
0.0,15.2
0.0,15.66
0.0,14.26
0.0,12.79
0.0,10.71
0.0,12.49
0.0,13.23
0.0,8.65
0.0,8.94
0.0,11.41
0.0,10.02
0.0,8.38
0.0,6.71
0.0,8.56
0.0,7.25
0.0,6.3
0.0,8.25
0.0,7.6
0.0,5.86
0.0,5.73
0.0,7.13
0.0,6.84
0.0,7.06
0.0,4.75
0.0,5.5
0.0,6.52
0.0,7.17
0.0,6.36
0.0,3.78
0.0,6.82
0.0,4.98
0.0,4.41
0.0,4.99
0.0,4.24
0.0,6.22
0.0,5.28
0.0,5.28
0.0,4.49
0.0,5.15
0.0,5.04
0.0,4.71
0.0,2.47
0.0,5.28
0.0,4.48
0.0,5.77
0.0,6.53
0.0,6.76
0.0,5.62
0.0,5.49
0.0,5.26
0.0,5.95
0.0,4.76
0.0,5.61
0.0,6.26
0.0,3.84
0.0,5.71
0.0,5.18
0.0,4.82
0.0,5.68
0.0,6.28
0.0,3.62
0.0,5.9
0.0,5.74
0.0,3.63
0.0,4.0
0.0,6.49
0.0,4.21
0.0,3.41
0.0,4.97
0.0,5.42
0.0,6.34
0.0,6.55
0.0,5.56
0.0,5.43
0.0,4.23
0.0,2.82
0.0,5.3
0.0,4.08
0.0,5.64
0.0,4.56
0.0,4.9
0.0,6.44
0.0,6.96
0.0,4.92
0.0,4.97
0.0,5.61
0.0,6.42
0.0,5.53
0.0,4.53
0.0,6.21
0.0,4.34
0.0,4.4
0.0,6.94
0.0,4.38
0.0,5.04
0.0,5.62
0.0,5.24
0.0,4.74
0.0,6.46
0.0,5.55
0.0,4.98
0.0,6.36
0.0,3.36
0.0,5.36
0.0,4.41
0.0,4.23
0.0,2.76
0.0,5.34
0.0,5.39
0.0,3.41
0.0,6.65
0.0,6.03
0.0,4.63
0.0,6.1
0.0,5.78
0.0,4.39
0.0,2.29
0.0,4.07
0.0,4.15
0.0,6.85
0.0,4.98
0.0,6.72
0.0,5.89
0.0,4.34
0.0,4.75
0.0,3.36
0.0,3.76
0.0,4.08
0.0,5.51
0.0,5.96
0.0,5.23
0.0,3.44
0.0,6.14
0.0,5.09
0.0,4.32
0.0,4.72
0.0,5.77
0.0,5.96
0.0,5.87
0.0,5.29
0.0,5.33
0.0,5.22
0.0,7.33
0.0,5.59
0.0,6.65
0.0,4.58
0.0,6.6
0.0,4.65
0.0,4.5
0.0,5.62
0.0,5.21
0.0,6.23
0.0,5.81
0.0,3.68
0.0,4.42
0.0,5.16
0.0,4.33
0.0,4.9
0.0,4.46
0.0,5.03
0.0,4.61
0.0,5.96
0.0,5.07
0.0,5.46
0.0,4.24
0.0,5.42
0.0,4.55
0.0,6.05
0.0,4.19
0.0,5.82
0.0,5.56
0.0,5.51
0.0,4.69
0.0,4.31
0.0,4.39
0.0,4.35
0.0,4.84
0.0,6.12
0.0,4.6
0.0,3.67
0.0,4.83
0.0,4.28
0.0,4.67
0.0,3.89
0.0,4.46
0.0,4.83
0.0,4.76
0.0,5.09
0.0,4.03
0.0,4.39
0.0,5.03
0.0,4.8
6.59,8.3
11.87,15.5
14.8,26.64
14.8,35.67
11.87,43.81
6.59,45.3
0.0,43.72
0.0,39.89
0.0,38.07
0.0,34.2
0.0,30.6
0.0,26.61
0.0,25.52
0.0,24.47
0.0,22.23
0.0,20.53
0.0,18.84
0.0,16.99
0.0,15.32
0.0,15.33
0.0,14.76
0.0,12.03
0.0,10.87
0.0,12.12
0.0,11.3
0.0,11.32
0.0,9.63
0.0,9.18
0.0,10.32
8.22,11.79
14.24,21.59
16.44,33.17
14.24,43.6
8.22,46.37
0.0,45.45
0.0,40.05
0.0,37.87
0.0,34.05
0.0,31.87
0.0,27.34
0.0,26.88
0.0,23.47
0.0,22.21
0.0,19.34
0.0,21.24
0.0,16.06
0.0,13.8
0.0,15.57
0.0,15.96
0.0,13.34
0.0,13.69
0.0,10.46
0.0,13.03
0.0,10.91
0.0,8.69
0.0,7.13
0.0,9.19
0.0,8.83
0.0,7.52
0.0,7.54
0.0,6.33
0.0,7.23
0.0,6.4
0.0,6.57
0.0,5.91
46.45,32.98
0.0,40.99
0.0,40.36
0.0,34.53
0.0,29.56
16.4,37.34
28.41,54.64
32.81,74.44
28.41,92.01
16.4,98.95
0.0,94.59
0.0,85.12
0.0,74.17
0.0,70.28
0.0,62.04
0.0,57.49
0.0,52.75
0.0,46.11
0.0,41.6
0.0,38.17
0.0,34.73
0.0,31.66
0.0,27.89
0.0,29.61
0.0,26.37
0.0,22.52
0.0,20.57
0.0,18.78
0.0,18.24
0.0,15.58
0.0,15.06
0.0,14.48
0.0,12.76
0.0,13.62
0.0,11.0
0.0,13.51
0.0,11.69
0.0,10.89
0.0,11.01
0.0,9.1
0.0,8.1
0.0,7.64
0.0,6.94
0.0,4.3
0.0,7.46
0.0,7.58
0.0,6.06
0.0,5.39
0.0,5.99
0.0,7.25
0.0,5.46
0.0,6.16
0.0,7.84
0.0,4.5
0.0,7.58
0.0,5.59
0.0,4.81
0.0,5.69
0.0,5.13
0.0,6.25
0.0,5.9
0.0,5.92
0.0,5.3
0.0,6.75
0.0,6.69
0.0,5.07
0.0,3.55
0.0,5.17
0.0,6.09
0.0,5.86
0.0,7.2
0.0,5.12
0.0,5.1
0.0,6.09
0.0,3.57
0.0,4.76
0.0,5.4
0.0,3.84
0.0,4.35
0.0,5.55
0.0,7.56
0.0,5.0
13.03,13.97
23.49,27.54
29.29,47.28
29.29,67.15
23.49,80.52
13.03,85.44
0.0,81.55
0.0,73.62
0.0,68.29
0.0,60.96
0.0,55.18
0.0,50.71
0.0,44.69
0.0,41.8
24.36,51.86
24.36,67.65
0.0,66.42
0.0,60.51
0.0,53.38
0.0,48.99
0.0,43.72
0.0,40.61
0.0,37.3
0.0,33.33
0.0,31.06
0.0,28.18
0.0,25.64
0.0,24.7
0.0,21.54
0.0,19.52
0.0,20.04
0.0,19.0
0.0,18.14
0.0,15.44
0.0,13.49
0.0,11.64
0.0,11.97
0.0,12.09
0.0,10.02
0.0,10.99
0.0,11.31
0.0,9.78
0.0,8.32
0.0,8.0
0.0,9.04
0.0,6.56
0.0,7.44
0.0,7.76
0.0,7.83
0.0,8.5
0.0,6.19
0.0,5.55
0.0,4.93
0.0,5.69
0.0,6.81
0.0,5.04
0.0,6.56
0.0,5.36
0.0,5.79
0.0,5.92
0.0,4.83
0.0,5.21
0.0,5.18
0.0,4.47
0.0,7.75
0.0,3.57
0.0,7.17
0.0,5.29
0.0,5.36
0.0,4.67
0.0,5.29
0.0,4.07
0.0,4.94
0.0,4.35
0.0,4.95
0.0,5.19
0.0,3.48
0.0,4.94
0.0,4.95
0.0,3.88
0.0,5.4
0.0,3.77
0.0,6.19
0.0,4.6
0.0,5.08
0.0,4.02
0.0,6.18
0.0,6.27
0.0,4.35
0.0,6.12
0.0,4.6
0.0,7.09
0.0,5.1
0.0,3.7
0.0,4.09
0.0,4.74
0.0,4.71
0.0,4.47
0.0,2.91
0.0,4.04
0.0,5.36
0.0,4.7
0.0,4.81
0.0,5.41
0.0,3.77
0.0,6.59
0.0,3.3
0.0,5.08
0.0,5.85
0.0,4.63
0.0,5.07
0.0,5.42
0.0,4.13
0.0,4.03
0.0,3.94
0.0,6.57
0.0,4.36
0.0,5.85
0.0,4.51
0.0,5.15
0.0,4.74
0.0,4.45
0.0,5.44
0.0,5.16
0.0,5.36
0.0,5.93
5.24,7.68
9.08,12.4
10.48,20.3
9.08,26.21
5.24,30.03
0.0,30.56
0.0,25.38
0.0,22.97
0.0,21.91
0.0,20.3
0.0,19.46
0.0,18.68
0.0,15.84
0.0,12.7
0.0,14.37
0.0,14.48
0.0,13.49
0.0,12.14
0.0,8.79
0.0,10.33
0.0,10.35
0.0,8.52
0.0,8.17
0.0,8.39
0.0,9.44
0.0,8.54
0.0,5.57
0.0,5.78
0.0,6.99
0.0,7.74
0.0,7.5
0.0,6.19
0.0,5.61
0.0,5.78
0.0,4.78
0.0,6.29
0.0,5.75
0.0,7.24
0.0,5.05
0.0,5.25
0.0,5.04
0.0,4.51
0.0,5.29
0.0,5.88
0.0,7.24
0.0,4.91
0.0,5.06
0.0,4.21
0.0,4.58
0.0,5.57
0.0,4.04
0.0,3.84
0.0,6.0
0.0,5.86
0.0,6.34
0.0,3.92
0.0,5.59
0.0,4.14
0.0,4.11
0.0,5.24
0.0,5.42
0.0,5.25
0.0,5.44
0.0,5.42
0.0,4.45
0.0,4.4
0.0,6.38
0.0,6.36
0.0,4.01
0.0,5.3
0.0,6.76
0.0,4.18
0.0,5.17
0.0,2.69
0.0,6.2
0.0,5.54
0.0,4.14
0.0,4.29
0.0,5.24
0.0,4.17
0.0,5.68
0.0,3.66
0.0,5.29
0.0,5.05
0.0,5.39
0.0,4.35
0.0,4.94
0.0,4.45
0.0,4.63
0.0,5.11
0.0,5.31
0.0,4.79
0.0,6.12
0.0,4.67
0.0,7.07
0.0,6.6
0.0,5.54
0.0,4.34
0.0,3.99
0.0,5.4
0.0,5.56
0.0,6.01
0.0,5.89
0.0,3.79
0.0,3.98
0.0,4.83
0.0,4.11
0.0,4.85
0.0,4.48
0.0,4.41
0.0,4.69
0.0,4.71
0.0,5.53
0.0,4.01
0.0,4.09
0.0,4.84
0.0,4.39
0.0,5.42
0.0,3.59
0.0,3.5
0.0,6.24
0.0,3.64
0.0,3.37
0.0,5.92
0.0,3.36
0.0,5.42
0.0,2.84
0.0,4.92
0.0,3.55
0.0,4.93
0.0,6.01
0.0,5.3
0.0,6.14
0.0,4.91
0.0,3.23
0.0,4.61
0.0,6.04
0.0,6.23
0.0,3.72
0.0,3.96
0.0,4.97
0.0,4.74
0.0,6.17
0.0,5.93
0.0,4.94
0.0,6.27
0.0,4.37
0.0,8.07
0.0,4.27
0.0,7.06
0.0,3.94
0.0,5.29
0.0,3.13
23.73,18.94
41.11,46.42
47.47,77.78
41.11,106.08
23.73,119.32
0.0,110.97
0.0,104.11
0.0,91.69
0.0,83.38
0.0,74.76
0.0,69.75
0.0,60.6
0.0,56.17
0.0,50.79
0.0,44.06
0.0,43.7
0.0,38.19
0.0,34.47
0.0,32.04
0.0,29.57
0.0,27.41
0.0,23.49
0.0,23.35
0.0,19.05
0.0,19.55
0.0,19.88
0.0,15.6
0.0,15.35
0.0,14.18
0.0,13.45
0.0,12.21
0.0,11.88
0.0,11.02
0.0,10.96
0.0,11.35
0.0,9.83
0.0,7.82
0.0,10.12
0.0,8.67
0.0,8.0
0.0,7.86
0.0,7.46
0.0,6.8
0.0,7.19
0.0,8.2
0.0,6.63
0.0,6.48
0.0,5.79
0.0,5.04
0.0,5.57
0.0,5.26
0.0,5.4
0.0,6.6
0.0,6.69
0.0,5.1
0.0,7.15
0.0,6.78
0.0,5.13
0.0,5.51
0.0,4.82
0.0,4.99
0.0,5.48
0.0,4.17
0.0,3.9
0.0,5.43
0.0,5.72
0.0,5.16
0.0,5.89
0.0,4.53
0.0,2.97
0.0,4.7
0.0,4.64
0.0,3.49
0.0,5.65
0.0,3.79
0.0,5.29
0.0,5.35
0.0,5.62
0.0,5.11
0.0,6.15
0.0,4.77
0.0,5.28
0.0,6.15
0.0,5.64
0.0,4.33
0.0,4.0
0.0,4.46
0.0,3.89
0.0,5.52
0.0,4.59
0.0,6.09
0.0,4.39
0.0,5.58
0.0,5.57
0.0,2.21
0.0,3.2
0.0,4.29
0.0,6.08
0.0,4.59
0.0,5.33
0.0,7.5
0.0,2.53
0.0,4.55
0.0,5.62
0.0,3.05
0.0,6.57
0.0,5.69
0.0,4.59
0.0,5.67
0.0,4.81
0.0,4.61
0.0,6.03
0.0,3.49
0.0,6.1
0.0,4.46
0.0,2.55
0.0,5.78
0.0,5.06
0.0,5.17
0.0,4.65
0.0,5.48
0.0,5.75
0.0,6.44
0.0,4.23
0.0,4.2
0.0,3.87
0.0,4.38
0.0,3.26
0.0,3.08
0.0,3.81
0.0,5.06
0.0,3.95
0.0,5.54
0.0,4.74
0.0,4.89
0.0,6.19
0.0,5.76
0.0,5.59
0.0,4.37
0.0,5.36
0.0,4.35
0.0,6.03
0.0,3.12
0.0,5.58
0.0,5.55
0.0,3.8
0.0,3.24
0.0,3.9
0.0,5.45
0.0,5.48
0.0,6.24
0.0,4.27
0.0,4.52
0.0,5.8
0.0,5.96
0.0,4.34
0.0,6.96
0.0,5.98
0.0,3.6
0.0,5.3
0.0,3.91
0.0,5.65
0.0,6.16
0.0,4.11
0.0,5.29
0.0,4.95
0.0,5.05
0.0,5.29
0.0,4.19
0.0,5.92
0.0,3.01
0.0,3.11
0.0,5.22
0.0,3.62
0.0,6.3
0.0,4.87
0.0,5.96
0.0,5.34
0.0,7.59
0.0,2.72
0.0,5.44
0.0,6.76
0.0,4.28
0.0,4.88
0.0,4.83
0.0,4.86
0.0,4.63
0.0,2.65
0.0,4.33
0.0,5.7
0.0,4.43
0.0,4.88
0.0,5.59
0.0,5.51
0.0,4.84
0.0,5.64
0.0,4.18
0.0,5.54
0.0,4.59
0.0,3.75
0.0,4.58
0.0,4.77
0.0,5.26
0.0,4.98
0.0,5.24
0.0,5.64
0.0,3.4
0.0,4.24
0.0,5.82
0.0,4.67
0.0,5.01
0.0,5.15
0.0,4.46
0.0,6.04
0.0,3.43
0.0,4.41
0.0,4.45
0.0,6.38
0.0,4.16
0.0,3.87
0.0,4.03
0.0,2.89
0.0,4.96
0.0,3.5
0.0,4.03
0.0,5.07
0.0,5.62
0.0,5.65
0.0,2.35
0.0,5.28
0.0,5.04
0.0,5.42
0.0,4.75
0.0,5.64
0.0,4.45
0.0,3.89
0.0,3.73
0.0,4.57
0.0,6.6
0.0,5.26
0.0,3.56
0.0,5.43
0.0,5.14
0.0,6.9
0.0,5.16
0.0,5.69
0.0,5.01
0.0,3.73
0.0,4.52
0.0,6.2
0.0,4.27
0.0,3.68
0.0,5.51
0.0,3.77
0.0,4.51
0.0,4.11
0.0,6.22
0.0,6.16
0.0,5.7
0.0,4.74
0.0,5.21
0.0,6.66
0.0,5.14
0.0,4.29
0.0,5.36
3.78,8.26
6.99,12.52
9.13,17.39
9.88,24.21
9.13,30.68
6.99,33.36
3.78,35.1
0.0,34.1
0.0,29.1
0.0,26.8
0.0,25.8
0.0,22.24
0.0,20.52
0.0,18.64
0.0,20.56
0.0,17.37
0.0,15.48
0.0,12.86
0.0,10.82
0.0,11.78
0.0,12.34
0.0,14.72
0.0,11.33
0.0,11.02
0.0,8.68
0.0,9.04
0.0,8.6
0.0,6.31
0.0,7.56
0.0,8.09
0.0,7.25
0.0,7.34
0.0,5.3
0.0,7.73
0.0,5.69
0.0,8.36
0.0,7.56
0.0,6.63
0.0,5.8
0.0,6.0
0.0,5.77
0.0,6.15
0.0,4.66
0.0,5.63
0.0,5.89
0.0,3.59
0.0,6.72
0.0,6.72
0.0,6.33
0.0,5.32
0.0,6.49
0.0,2.33
0.0,6.43
0.0,3.48
0.0,5.31
0.0,6.22
0.0,5.94
0.0,4.89
0.0,4.81
0.0,3.5
0.0,5.77
0.0,5.24
0.0,4.11
0.0,5.81
0.0,4.35
0.0,5.9
0.0,5.97
0.0,5.03
0.0,5.35
0.0,5.06
0.0,6.35
0.0,3.46
0.0,4.93
0.0,5.61
0.0,4.01
0.0,4.75
0.0,3.52
0.0,5.49
0.0,6.69
0.0,5.97
0.0,4.24
0.0,5.56
0.0,4.86
0.0,5.77
0.0,5.0
0.0,4.79
0.0,3.12
0.0,5.7
0.0,5.55
0.0,6.43
0.0,5.46
0.0,5.07
0.0,4.47
0.0,6.27
0.0,5.57
0.0,5.29
0.0,5.03
0.0,4.85
0.0,5.22
0.0,4.61
0.0,4.66
0.0,4.57
0.0,5.79
0.0,6.29
0.0,5.99
0.0,4.08
0.0,4.94
0.0,4.99
0.0,5.24
0.0,4.09
0.0,3.69
0.0,5.46
0.0,5.41
0.0,4.32
0.0,5.14
0.0,4.14
0.0,3.47
0.0,6.99
0.0,7.17
0.0,4.07
0.0,3.39
0.0,6.25
0.0,4.25
0.0,3.69
0.0,5.04
24.53,18.32
39.68,43.52
39.68,73.33
24.53,90.89
0.0,86.91
0.0,77.09
0.0,71.0
0.0,64.08
0.0,59.3
0.0,54.7
29.7,64.17
0.0,66.31
0.0,58.95
0.0,54.2
0.0,50.5
0.0,46.45
0.0,43.77
0.0,38.42
0.0,33.63
0.0,31.01
0.0,29.18
0.0,24.3
0.0,22.87
0.0,21.21
0.0,20.79
0.0,22.27
0.0,17.99
0.0,17.22
0.0,14.53
0.0,14.73
0.0,15.23
0.0,10.64
0.0,11.56
0.0,10.05
0.0,10.89
0.0,10.69
0.0,9.43
0.0,10.42
0.0,7.82
0.0,9.06
0.0,8.54
0.0,6.9
0.0,6.94
0.0,7.43
0.0,7.05
0.0,7.59
0.0,8.17
0.0,6.1
0.0,6.06
0.0,8.13
0.0,5.88
0.0,6.09
0.0,6.82
0.0,5.47
0.0,4.2
0.0,5.39
0.0,4.65
0.0,5.39
0.0,5.76
0.0,5.2
0.0,6.65
0.0,5.19
0.0,3.61
0.0,4.0
0.0,4.84
0.0,5.25
0.0,5.04
0.0,4.69
0.0,4.0
0.0,5.98
0.0,5.03
0.0,3.37
0.0,3.75
0.0,4.57
0.0,2.82
0.0,6.4
0.0,5.81
0.0,6.69
0.0,5.91
0.0,7.07
0.0,4.19
0.0,4.31
0.0,3.87
0.0,7.1
0.0,5.91
0.0,3.68
0.0,5.05
0.0,4.54
0.0,4.11
0.0,5.25
0.0,3.81
0.0,3.46
0.0,5.41
0.0,3.72
0.0,5.55
0.0,4.58
0.0,3.38
0.0,6.29
0.0,5.41
0.0,6.3
0.0,5.39
0.0,4.14
0.0,6.5
0.0,6.86
0.0,4.43
0.0,6.0
0.0,4.35
0.0,4.9
0.0,4.21
0.0,5.68
0.0,4.84
0.0,4.5
0.0,3.88
0.0,6.91
0.0,6.48
0.0,5.14
0.0,7.26
0.0,3.27
0.0,4.79
0.0,4.91
0.0,5.3
0.0,5.67
0.0,5.52
0.0,5.39
0.0,5.53
0.0,3.9
0.0,5.01
0.0,5.55
0.0,3.61
0.0,5.98
0.0,4.45
0.0,4.51
0.0,5.5
0.0,6.01
0.0,4.48
0.0,6.44
0.0,5.19
0.0,4.58
0.0,6.95
0.0,4.38
0.0,5.1
0.0,6.36
22.64,18.47
39.22,44.55
45.28,74.16
39.22,101.18
22.64,112.36
0.0,106.55
0.0,98.76
0.0,89.95
0.0,79.66
0.0,73.73
0.0,65.5
0.0,59.36
0.0,53.32
0.0,50.06
0.0,43.74
0.0,40.87
0.0,37.47
0.0,32.45
0.0,30.93
0.0,28.66
0.0,26.88
0.0,24.15
0.0,22.78
0.0,22.21
0.0,19.39
0.0,17.36
0.0,16.01
0.0,13.42
0.0,13.7
0.0,12.97
0.0,13.11
0.0,13.26
0.0,11.61
0.0,10.35
0.0,9.88
0.0,10.32
0.0,7.61
0.0,8.48
0.0,8.39
0.0,6.06
0.0,6.94
0.0,8.51
0.0,8.31
0.0,6.72
0.0,8.1
0.0,5.58
0.0,5.84
0.0,6.44
0.0,6.67
0.0,2.18
0.0,5.87
0.0,5.45
0.0,8.2
0.0,4.06
0.0,4.29
0.0,5.43
0.0,6.71
0.0,4.57
0.0,5.49
0.0,3.78
0.0,4.26
0.0,4.57
0.0,4.93
0.0,5.46
0.0,4.46
0.0,4.34
0.0,3.63
0.0,5.46
0.0,5.26
0.0,5.24
0.0,5.01
0.0,4.72
0.0,3.85
0.0,5.14
0.0,5.28
0.0,4.55
0.0,4.74
0.0,4.98
6.69,9.08
12.06,18.61
15.04,27.36
15.04,36.68
12.06,43.86
6.69,46.98
0.0,43.97
0.0,39.98
0.0,37.69
0.0,34.39
0.0,31.57
0.0,29.27
0.0,26.78
0.0,24.01
0.0,22.23
0.0,20.23
0.0,18.34
0.0,18.07
0.0,17.23
0.0,15.13
0.0,13.34
0.0,11.19
0.0,11.24
0.0,11.09
0.0,10.91
0.0,10.12
0.0,10.78
0.0,8.66
0.0,9.36
0.0,9.34
0.0,8.51
0.0,4.91
0.0,6.69
0.0,6.89
0.0,7.86
0.0,7.96
0.0,5.56
0.0,7.03
0.0,6.44
0.0,5.03
0.0,5.88
0.0,6.84
0.0,6.55
0.0,7.6
0.0,5.23
0.0,8.18
0.0,5.98
0.0,6.72
0.0,5.12
0.0,5.34
0.0,4.87
0.0,4.74
0.0,5.56
0.0,5.91
0.0,4.92
0.0,5.53
0.0,3.65
0.0,6.42
0.0,5.9
0.0,3.96
0.0,6.07
0.0,5.47
0.0,3.75
0.0,7.63
0.0,4.26
0.0,5.25
0.0,3.63
0.0,4.02
0.0,4.59
0.0,5.12
0.0,5.07
0.0,4.6
0.0,5.79
0.0,6.0
0.0,5.26
0.0,3.26
0.0,2.97
0.0,5.11
0.0,4.45
0.0,5.79
0.0,5.08
0.0,4.93
0.0,6.51
0.0,5.36
0.0,6.59
0.0,5.13
0.0,3.07
0.0,4.23
0.0,5.13
0.0,4.25
0.0,4.08
0.0,4.57
0.0,7.75
0.0,5.07
0.0,6.45
0.0,4.14
0.0,3.89
0.0,5.62
0.0,3.39
0.0,4.7
0.0,5.13
0.0,6.3
0.0,5.11
0.0,4.61
0.0,6.65
0.0,5.92
0.0,6.43
0.0,4.94
0.0,6.65
0.0,5.7
0.0,3.68
0.0,4.76
0.0,4.93
0.0,4.78
0.0,4.1
0.0,3.73
0.0,4.03
0.0,5.43
0.0,5.96
0.0,4.8
0.0,7.15
0.0,6.25
0.0,4.58
0.0,3.9
0.0,6.83
0.0,2.74
0.0,5.1
0.0,4.12
0.0,5.0
0.0,4.24
0.0,5.45
0.0,5.22
0.0,5.39
0.0,4.48
24.54,16.39
39.71,44.86
39.71,72.94
24.54,88.77
0.0,86.99
0.0,77.6
0.0,72.82
0.0,66.24
0.0,59.34
0.0,53.87
0.0,47.64
0.0,44.29
0.0,41.83
0.0,37.52
0.0,31.24
0.0,31.36
0.0,28.75
0.0,25.19
0.0,23.29
0.0,22.51
0.0,18.71
0.0,19.39
0.0,16.52
0.0,15.19
0.0,15.29
0.0,14.11
0.0,13.89
0.0,12.01
0.0,10.81
0.0,9.98
0.0,11.98
0.0,9.36
0.0,8.0
0.0,8.58
0.0,8.27
0.0,9.47
0.0,7.96
0.0,8.78
0.0,7.5
0.0,6.41
0.0,6.53
0.0,5.72
0.0,6.76
0.0,8.1
0.0,6.2
0.0,6.69
0.0,6.81
0.0,4.39
0.0,5.56
0.0,5.52
0.0,7.16
0.0,6.72
0.0,4.27
0.0,5.1
0.0,5.23
0.0,4.96
0.0,7.08
0.0,4.55
0.0,5.18
0.0,6.82
0.0,4.66
0.0,3.86
0.0,5.54
0.0,3.24
0.0,7.02
0.0,4.96
0.0,4.22
0.0,3.38
0.0,4.95
0.0,3.45
0.0,5.8
0.0,5.34
0.0,4.0
0.0,4.66
0.0,5.03
0.0,5.5
0.0,4.85
0.0,5.64
0.0,7.04
0.0,4.13
0.0,5.15
0.0,3.69
0.0,4.98
0.0,5.08
0.0,5.84
0.0,3.91
0.0,5.45
0.0,5.85
0.0,5.95
0.0,6.31
0.0,4.15
0.0,5.53
0.0,5.39
0.0,4.4
0.0,4.7
0.0,5.06
0.0,5.1
0.0,4.06
0.0,5.32
0.0,3.68
0.0,4.81
0.0,4.4
0.0,4.68
0.0,4.14
0.0,5.68
0.0,3.92
0.0,6.82
0.0,2.97
0.0,5.7
0.0,5.61
0.0,5.13
0.0,4.39
0.0,3.53
0.0,5.04
0.0,5.05
0.0,4.62
0.0,5.87
0.0,5.88
0.0,4.85
0.0,6.35
0.0,8.07
0.0,5.06
0.0,3.92
0.0,4.96
0.0,5.71
0.0,4.68
0.0,4.65
0.0,5.06
0.0,5.07
0.0,6.2
0.0,4.85
0.0,3.42
0.0,3.89
0.0,5.9
0.0,5.31
0.0,6.12
0.0,6.08
0.0,4.39
0.0,5.12
0.0,6.64
0.0,4.48
0.0,5.52
0.0,4.62
0.0,4.97
0.0,5.43
0.0,4.04
0.0,4.66
0.0,5.51
0.0,5.64
0.0,5.61
0.0,5.47
0.0,5.85
0.0,6.0
0.0,3.96
0.0,3.96
0.0,3.92
0.0,4.76
0.0,4.86
0.0,6.38
0.0,5.63
0.0,3.94
0.0,4.36
0.0,5.38
0.0,4.0
0.0,6.07
0.0,6.19
0.0,4.76
0.0,4.02
0.0,5.31
0.0,4.13
0.0,6.97
0.0,4.45
0.0,4.93
0.0,3.98
0.0,5.93
0.0,4.32
0.0,5.9
0.0,4.75
0.0,4.98
0.0,7.28
0.0,5.36
0.0,3.04
0.0,4.45
0.0,4.21
0.0,4.18
0.0,5.18
0.0,5.47
0.0,4.7
0.0,4.95
0.0,6.26
0.0,4.38
0.0,6.81
0.0,4.99
0.0,6.18
0.0,3.62
0.0,3.5
0.0,5.49
0.0,5.72
0.0,5.0
0.0,5.55
0.0,5.67
0.0,5.23
0.0,4.42
0.0,5.77
0.0,5.71
0.0,5.87
0.0,4.68
0.0,6.65
0.0,2.39
0.0,5.47
0.0,4.94
0.0,5.75
0.0,5.09
0.0,5.75
0.0,4.64
0.0,5.63
0.0,5.88
0.0,6.91
0.0,4.99
0.0,6.07
0.0,3.87
0.0,3.67
0.0,4.04
0.0,4.73
0.0,5.83
0.0,4.64
0.0,4.45
0.0,4.4
0.0,3.29
0.0,3.89
0.0,6.13
0.0,5.4
0.0,6.63
0.0,5.97
0.0,3.49
0.0,5.08
0.0,5.48
0.0,4.21
0.0,5.48
0.0,5.72
0.0,5.78
0.0,4.69
0.0,4.73
0.0,2.59
0.0,5.0
0.0,4.34
0.0,4.8
0.0,5.85
0.0,5.77
0.0,5.07
0.0,4.15
0.0,5.07
0.0,4.68
0.0,3.89
29.94,21.86
42.34,51.38
29.94,73.18
0.0,74.44
0.0,67.14
0.0,60.05
0.0,55.62
0.0,49.88
0.0,48.38
0.0,42.38
0.0,37.75
0.0,34.96
0.0,29.96
0.0,27.94
0.0,26.91
0.0,24.58
0.0,22.91
0.0,20.53
0.0,17.32
0.0,17.71
0.0,15.21
0.0,15.67
0.0,14.0
0.0,13.86
0.0,11.35
0.0,12.09
0.0,10.3
0.0,10.36
0.0,11.0
0.0,9.2
0.0,7.73
0.0,7.67
0.0,7.27
0.0,8.01
0.0,5.81
0.0,8.25
0.0,6.78
0.0,7.87
0.0,7.08
0.0,7.89
0.0,5.5
0.0,5.47
0.0,6.65
0.0,6.17
26.4,20.82
37.33,45.58
26.4,67.52
0.0,65.2
0.0,59.03
0.0,55.53
0.0,53.0
0.0,46.71
0.0,41.34
0.0,37.03
0.0,32.84
0.0,29.09
0.0,29.75
0.0,27.23
0.0,22.74
0.0,23.67
0.0,19.31
0.0,18.15
0.0,18.81
0.0,16.05
0.0,15.66
0.0,14.19
0.0,13.91
0.0,12.84
0.0,12.14
0.0,10.7
0.0,8.6
0.0,11.21
0.0,8.44
0.0,7.18
0.0,8.99
0.0,9.45
0.0,8.37
0.0,6.84
0.0,6.88
0.0,6.19
0.0,6.96
0.0,6.71
0.0,6.37
0.0,6.28
0.0,5.66
0.0,6.76
0.0,6.19
0.0,6.89
0.0,8.16
0.0,8.02
0.0,6.58
26.1,20.49
36.91,47.59
26.1,66.95
0.0,65.01
0.0,58.55
0.0,54.02
0.0,48.62
0.0,43.91
0.0,39.55
0.0,35.63
0.0,34.47
0.0,32.7
0.0,28.62
0.0,25.43
0.0,24.9
0.0,23.3
0.0,19.66
0.0,17.48
0.0,15.91
0.0,15.42
0.0,13.84
0.0,14.05
0.0,12.74
0.0,12.46
0.0,10.29
0.0,10.88
0.0,11.42
0.0,10.32
0.0,9.61
0.0,9.7
0.0,9.04
0.0,9.02
0.0,6.85
0.0,7.16
0.0,7.49
12.89,14.48
20.86,29.25
20.86,41.07
12.89,51.27
0.0,51.19
0.0,44.04
0.0,40.49
0.0,38.35
0.0,34.52
0.0,29.26
0.0,27.65
0.0,25.66
0.0,23.98
0.0,21.03
0.0,22.74
0.0,19.16
0.0,17.89
0.0,16.74
0.0,13.41
0.0,13.21
0.0,13.48
0.0,12.72
0.0,11.76
0.0,9.36
0.0,10.33
0.0,8.86
0.0,10.85
0.0,8.4
0.0,7.66
0.0,7.21
0.0,8.79
0.0,8.2
0.0,7.4
0.0,7.38
0.0,8.1
0.0,6.85
0.0,4.77
0.0,4.64
0.0,6.38
0.0,6.78
0.0,5.99
0.0,6.91
0.0,4.77
0.0,5.19
0.0,2.31
0.0,6.21
0.0,6.1
0.0,6.06
0.0,4.93
0.0,5.7
0.0,6.26
0.0,4.18
0.0,5.71
0.0,3.73
0.0,4.64
0.0,4.29
0.0,6.28
0.0,4.66
0.0,4.51
0.0,3.29
0.0,5.96
0.0,4.55
0.0,4.6
0.0,4.79
0.0,5.44
0.0,5.13
0.0,4.06
0.0,5.45
0.0,3.6
0.0,4.56
0.0,4.72
0.0,5.43
0.0,6.23
0.0,5.86
0.0,6.18
0.0,4.46
0.0,5.41
0.0,6.44
0.0,5.11
0.0,3.98
0.0,6.46
0.0,4.71
0.0,6.39
0.0,4.79
0.0,3.72
0.0,5.83
0.0,3.8
0.0,5.35
0.0,4.1
0.0,5.54
0.0,6.04
0.0,5.57
0.0,5.27
0.0,6.56
0.0,5.81
0.0,5.06
0.0,4.56
0.0,4.14
0.0,3.37
0.0,4.48
0.0,3.56
0.0,5.04
0.0,3.8
0.0,5.46
0.0,6.37
0.0,4.29
0.0,4.54
0.0,4.86
0.0,4.06
0.0,4.73
0.0,5.08
0.0,5.47
0.0,3.83
0.0,6.73
0.0,2.7
0.0,6.17
0.0,4.92
0.0,5.35
0.0,4.65
0.0,3.78
0.0,5.01
0.0,4.37
0.0,3.69
0.0,5.15
0.0,4.1
0.0,4.62
0.0,4.19
0.0,4.85
0.0,4.86
0.0,4.96
0.0,5.56
0.0,4.23
0.0,5.99
0.0,3.93
0.0,6.2
0.0,6.39
0.0,4.91
0.0,3.79
0.0,3.63
0.0,4.04
0.0,5.12
0.0,4.99
0.0,4.0
0.0,6.35
0.0,5.42
0.0,4.59
0.0,6.62
0.0,5.32
0.0,6.44
0.0,4.3
0.0,3.21
0.0,4.49
0.0,4.88
0.0,4.87
0.0,4.64
0.0,4.03
0.0,4.08
0.0,3.48
0.0,5.76
0.0,6.23
0.0,4.67
0.0,5.83
0.0,6.04
0.0,3.98
0.0,5.86
0.0,5.69
0.0,5.87
0.0,4.32
0.0,5.31
0.0,4.49
0.0,6.23
0.0,4.1
0.0,4.7
0.0,4.97
0.0,5.7
0.0,3.46
0.0,4.22
0.0,5.57
0.0,5.75
0.0,4.4
0.0,4.65
0.0,4.77
0.0,6.85
0.0,6.09
0.0,4.74
0.0,5.12
0.0,4.03
0.0,5.44
0.0,5.81
0.0,4.64
0.0,5.38
0.0,2.33
0.0,4.12
0.0,5.37
0.0,5.97
0.0,5.58
0.0,3.65
0.0,4.62
0.0,4.3
0.0,6.65
0.0,6.27
0.0,5.91
0.0,6.69
0.0,5.32
0.0,3.05
0.0,4.66
0.0,6.25
0.0,4.86
0.0,4.56
0.0,6.69
0.0,6.03
0.0,5.5
0.0,6.19
0.0,3.39
0.0,4.51
0.0,2.74
0.0,4.33
0.0,2.87
0.0,3.38
0.0,4.0
0.0,4.16
0.0,4.32
0.0,7.82
0.0,5.33
0.0,5.07
0.0,4.46
0.0,6.15
0.0,3.32
0.0,5.71
0.0,4.89
0.0,2.9
0.0,3.97
0.0,4.1
0.0,4.51
0.0,6.65
0.0,5.84
0.0,4.93
0.0,4.7
0.0,6.15
0.0,4.67
0.0,4.76
0.0,5.19
0.0,5.04
0.0,5.8
0.0,4.31
0.0,3.23
0.0,5.0
4.17,7.95
7.22,12.12
8.33,18.12
7.22,21.88
4.17,24.0
0.0,24.29
0.0,20.22
0.0,19.95
0.0,20.5
0.0,16.73
0.0,16.68
0.0,15.5
0.0,14.13
0.0,13.81
0.0,11.68
0.0,9.96
0.0,9.21
0.0,10.2
0.0,8.75
0.0,7.8
0.0,8.17
0.0,7.92
0.0,7.37
0.0,7.23
0.0,8.52
0.0,6.29
0.0,5.0
0.0,6.81
12.62,14.13
22.74,26.35
28.35,48.5
28.35,65.82
22.74,80.46
12.62,83.38
0.0,79.94
0.0,72.41
0.0,64.87
0.0,60.25
0.0,54.59
0.0,48.74
0.0,46.69
0.0,39.23
0.0,36.64
14.78,40.78
26.64,58.31
33.21,76.8
33.21,93.86
26.64,109.28
14.78,114.18
0.0,107.05
0.0,95.88
0.0,86.3
0.0,78.61
0.0,71.43
0.0,64.66
0.0,58.49
0.0,54.43
0.0,48.62
0.0,42.22
0.0,40.57
0.0,37.1
0.0,34.19
0.0,29.6
0.0,29.72
0.0,27.45
0.0,26.81
0.0,22.53
0.0,19.04
0.0,19.36
0.0,16.4
0.0,15.26
0.0,14.51
0.0,14.08
0.0,13.11
0.0,11.72
0.0,11.63
0.0,10.8
0.0,10.52
0.0,9.73
0.0,8.09
0.0,8.22
0.0,8.57
0.0,8.83
0.0,10.0
0.0,7.42
0.0,8.47
0.0,7.88
0.0,7.66
0.0,6.15
0.0,6.78
0.0,7.16
0.0,6.22
0.0,8.07
0.0,6.48
0.0,4.7
0.0,6.98
0.0,5.57
0.0,6.52
0.0,4.5
0.0,6.47
0.0,5.04
0.0,4.83
0.0,5.43
0.0,5.25
0.0,4.9
0.0,4.23
0.0,5.64
0.0,6.89
0.0,6.67
0.0,5.66
0.0,6.29
0.0,5.53
0.0,4.01
0.0,4.16
0.0,6.79
0.0,2.84
0.0,4.83
0.0,5.81
0.0,4.15
0.0,5.91
0.0,5.62
0.0,5.15
0.0,4.28
0.0,2.91
0.0,4.22
0.0,3.93
0.0,4.0
0.0,4.01
0.0,4.43
0.0,4.77
0.0,7.26
0.0,6.01
0.0,3.68
0.0,4.51
0.0,3.42
0.0,6.5
0.0,4.63
0.0,5.43
0.0,5.19
0.0,4.43
0.0,5.74
0.0,5.01
0.0,3.28
0.0,3.07
0.0,6.02
0.0,5.44
0.0,5.69
0.0,4.36
0.0,5.49
0.0,6.39
0.0,5.87
0.0,4.68
0.0,5.81
0.0,5.69
0.0,3.47
0.0,2.9
0.0,5.7
0.0,2.41
0.0,5.04
0.0,3.8
0.0,5.09
0.0,5.76
0.0,5.82
0.0,4.84
0.0,3.45
0.0,5.1
0.0,4.47
0.0,4.3
0.0,3.08
0.0,6.85
0.0,5.02
0.0,4.89
0.0,5.9
0.0,5.0
0.0,4.05
0.0,6.05
0.0,5.01
0.0,5.17
0.0,5.79
0.0,6.02
0.0,4.83
0.0,7.2
0.0,5.55
0.0,5.24
0.0,4.71
0.0,4.53
0.0,5.35
0.0,3.15
0.0,4.92
0.0,4.69
0.0,5.68
0.0,7.07
0.0,5.47
0.0,5.38
0.0,4.94
0.0,3.23
0.0,5.42
0.0,2.44
0.0,4.91
0.0,7.23
0.0,5.82
0.0,4.93
0.0,5.31
0.0,5.54
0.0,5.33
0.0,4.28
0.0,4.63
0.0,6.25
0.0,3.43
0.0,5.18
0.0,6.02
0.0,6.81
0.0,4.03
0.0,4.42
0.0,5.36
16.82,14.55
0.0,18.46
0.0,14.7
0.0,14.99
0.0,14.36
0.0,15.53
0.0,14.21
0.0,12.57
0.0,12.84
0.0,10.47
0.0,8.52
0.0,9.3
0.0,9.1
0.0,9.35
0.0,9.81
0.0,9.46
0.0,8.14
0.0,8.9
0.0,7.25
0.0,6.6
0.0,5.81
0.0,4.87
0.0,8.93
0.0,5.18
0.0,7.95
0.0,5.16
0.0,6.57
0.0,4.44
0.0,5.68
0.0,6.47
0.0,4.42
0.0,6.14
0.0,3.96
0.0,5.49
0.0,5.05
0.0,5.49
0.0,4.47
0.0,4.32
0.0,5.71
0.0,5.6
0.0,6.18
0.0,5.04
0.0,5.51
0.0,3.1
0.0,5.04
0.0,5.55
0.0,5.04
0.0,5.68
0.0,5.29
0.0,4.62
0.0,5.23
0.0,5.33
0.0,3.3
0.0,7.04
20.86,17.45
20.86,31.5
0.0,34.26
0.0,31.5
4.94,30.74
8.56,33.36
9.89,40.28
8.56,43.71
4.94,46.69
0.0,41.36
0.0,37.71
0.0,33.27
0.0,32.76
0.0,31.0
0.0,28.09
0.0,25.56
0.0,22.79
0.0,19.88
0.0,18.39
0.0,17.35
0.0,17.6
0.0,13.38
0.0,14.72
0.0,13.14
0.0,11.64
0.0,14.09
0.0,11.24
0.0,10.37
0.0,10.03
0.0,11.01
0.0,9.25
0.0,10.42
0.0,8.4
0.0,8.92
0.0,8.32
0.0,8.01
0.0,7.51
0.0,8.15
0.0,6.33
0.0,6.59
0.0,8.38
0.0,5.51
0.0,6.39
0.0,6.61
0.0,7.55
0.0,5.89
0.0,3.9
0.0,6.21
11.05,13.03
19.14,22.71
22.1,39.0
19.14,53.94
11.05,58.52
0.0,54.6
0.0,49.38
0.0,44.34
0.0,40.23
0.0,38.38
0.0,34.06
0.0,32.74
0.0,30.37
0.0,27.51
0.0,24.24
0.0,22.75
18.98,30.47
34.19,50.5
42.64,80.25
42.64,105.01
34.19,123.97
18.98,134.34
0.0,125.81
0.0,112.21
0.0,101.81
0.0,92.59
0.0,84.28
0.0,76.03
0.0,67.19
0.0,63.2
0.0,58.19
0.0,50.66
0.0,44.08
0.0,44.15
3.99,42.12
6.92,42.61
7.99,44.2
6.92,47.36
3.99,46.33
0.0,43.25
0.0,38.21
0.0,35.07
0.0,33.44
0.0,29.47
0.0,26.58
0.0,26.5
0.0,21.72
0.0,20.17
0.0,20.14
0.0,19.17
0.0,16.87
0.0,13.75
0.0,14.53
0.0,14.83
0.0,13.9
0.0,12.59
0.0,11.88
0.0,11.15
0.0,9.35
0.0,9.78
0.0,8.95
0.0,9.41
0.0,8.27
0.0,5.39
0.0,7.01
0.0,8.69
0.0,6.3
0.0,5.79
0.0,6.04
0.0,6.28
0.0,5.97
0.0,6.82
0.0,7.35
0.0,7.73
0.0,7.9
0.0,6.98
0.0,4.01
0.0,5.76
0.0,5.6
0.0,5.07
0.0,5.15
0.0,5.18
0.0,6.3
0.0,4.3
0.0,7.51
0.0,5.0
0.0,5.57
0.0,4.77
0.0,5.82
0.0,4.49
0.0,6.39
0.0,4.7
0.0,6.74
0.0,4.82
0.0,5.53
0.0,5.35
0.0,4.42
0.0,4.07
0.0,4.51
0.0,5.09
0.0,4.37
26.36,20.52
0.0,24.91
0.0,21.26
0.0,20.44
0.0,20.38
0.0,17.86
0.0,15.2
0.0,16.74
0.0,13.46
0.0,14.91
0.0,11.55
0.0,14.38
0.0,10.49
0.0,11.44
0.0,9.8
0.0,10.14
0.0,8.48
0.0,9.82
24.13,21.88
39.04,49.05
39.04,72.92
24.13,92.01
0.0,86.52
0.0,78.03
0.0,71.99
0.0,66.24
0.0,59.33
0.0,52.83
0.0,47.45
0.0,45.25
0.0,41.07
0.0,37.4
0.0,33.01
0.0,30.59
0.0,29.44
0.0,26.44
0.0,23.36
0.0,20.71
0.0,20.61
0.0,18.29
0.0,16.11
0.0,15.21
0.0,16.85
0.0,14.79
0.0,12.58
0.0,13.86
0.0,12.72
0.0,10.42
0.0,11.64
0.0,10.33
0.0,10.03
0.0,8.76
0.0,7.65
0.0,7.04
24.23,22.59
41.96,48.26
48.46,83.38
41.96,109.42
24.23,122.09
0.0,116.62
0.0,105.8
0.0,95.6
0.0,87.31
0.0,78.72
0.0,70.3
0.0,65.22
0.0,57.1
0.0,53.0
0.0,47.68
0.0,43.8
0.0,39.51
0.0,34.66
0.0,34.56
0.0,31.15
0.0,28.1
0.0,24.57
0.0,22.23
0.0,22.64
0.0,21.28
0.0,18.23
0.0,16.85
0.0,17.23
0.0,13.53
0.0,13.62
0.0,12.92
0.0,13.2
0.0,12.32
0.0,11.33
0.0,11.5
20.93,20.32
0.0,24.6
0.0,24.33
0.0,20.06
0.0,21.04
0.0,17.62
0.0,17.29
0.0,15.47
0.0,15.06
0.0,14.06
0.0,12.76
0.0,11.84
0.0,10.0
0.0,10.9
0.0,8.82
0.0,9.27
0.0,9.82
0.0,9.6
0.0,6.42
0.0,8.18
0.0,8.16
0.0,6.48
14.36,17.15
25.88,33.17
32.27,52.32
32.27,75.54
25.88,90.93
14.36,96.22
0.0,90.72
0.0,82.1
0.0,73.7
0.0,67.3
0.0,60.75
0.0,56.21
0.0,50.58
0.0,44.39
0.0,42.77
0.0,36.11
0.0,36.47
11.49,36.42
20.7,48.51
25.81,62.32
25.81,78.77
20.7,89.86
11.49,90.31
0.0,85.73
0.0,78.35
0.0,69.3
0.0,63.68
0.0,58.57
0.0,52.57
0.0,46.78
0.0,44.04
0.0,41.77
0.0,37.6
0.0,32.77
0.0,30.28
0.0,27.92
0.0,26.2
0.0,21.87
0.0,21.84
0.0,17.44
0.0,16.65
0.0,16.86
0.0,15.91
0.0,13.81
0.0,13.81
0.0,13.57
0.0,13.84
0.0,11.31
0.0,8.47
0.0,10.6
0.0,9.07
0.0,9.09
0.0,9.52
0.0,7.85
0.0,9.64
0.0,6.29
0.0,6.16
0.0,7.51
0.0,7.35
0.0,8.88
0.0,6.73
0.0,8.7
0.0,4.38
0.0,5.34
0.0,5.45
29.09,21.86
47.06,53.84
47.06,85.64
29.09,105.15
0.0,101.57
0.0,93.13
0.0,82.85
0.0,74.66
0.0,69.82
0.0,63.02
0.0,56.8
0.0,51.79
0.0,48.38
0.0,43.55
0.0,40.3
0.0,35.12
0.0,32.05
0.0,30.24
0.0,27.06
0.0,23.76
0.0,24.32
0.0,22.75
0.0,19.73
0.0,17.2
0.0,17.35
0.0,15.28
0.0,12.71
0.0,15.57
0.0,13.67
0.0,11.25
0.0,13.29
0.0,10.26
0.0,11.15
0.0,11.85
0.0,7.64
0.0,7.37
0.0,8.8
0.0,8.86
0.0,6.43
0.0,7.76
0.0,8.06
8.09,12.08
13.1,21.35
13.1,28.1
8.09,34.23
0.0,34.13
0.0,30.11
0.0,27.21
0.0,23.83
0.0,24.26
0.0,22.0
0.0,21.69
0.0,18.14
0.0,17.37
0.0,16.86
0.0,15.12
0.0,12.51
0.0,12.32
0.0,13.59
0.0,10.7
0.0,10.81
0.0,9.62
0.0,11.08
0.0,10.52
0.0,9.47
0.0,9.8
0.0,10.01
0.0,8.48
0.0,6.71
0.0,7.39
0.0,7.77
0.0,6.69
0.0,5.78
0.0,5.99
0.0,5.58
0.0,6.49
0.0,5.46
0.0,5.96
0.0,5.69
0.0,6.81
0.0,6.77
0.0,6.11
0.0,5.69
0.0,8.13
0.0,6.16
0.0,5.52
0.0,6.22
0.0,4.49
0.0,7.63
0.0,5.56
0.0,4.85
0.0,6.59
0.0,3.53
0.0,4.75
0.0,5.09
0.0,3.85
0.0,5.46
0.0,4.47
0.0,4.35
0.0,5.78
7.92,9.63
13.72,20.22
15.84,27.69
13.72,39.66
7.92,41.59
0.0,41.06
0.0,37.7
0.0,34.01
0.0,31.03
0.0,29.92
0.0,25.59
0.0,23.77
0.0,24.01
0.0,20.08
0.0,18.81
0.0,18.11
0.0,15.71
0.0,15.83
0.0,14.5
0.0,11.19
0.0,12.9
0.0,10.71
0.0,10.69
0.0,10.02
0.0,8.37
0.0,7.79
0.0,9.93
0.0,8.66
0.0,8.17
0.0,8.96
0.0,5.33
0.0,7.39
0.0,6.67
0.0,7.75
0.0,6.57
0.0,5.95
0.0,7.71
0.0,4.12
0.0,6.88
0.0,6.63
0.0,7.21
0.0,6.2
0.0,7.52
0.0,5.34
0.0,2.92
0.0,6.46
0.0,5.42
0.0,3.32
0.0,4.62
0.0,5.99
0.0,4.47
0.0,3.77
0.0,4.23
0.0,4.05
0.0,5.3
0.0,3.21
0.0,4.5
0.0,4.27
0.0,4.59
0.0,4.81
0.0,3.36
0.0,5.65
0.0,3.11
0.0,6.41
0.0,6.11
0.0,5.96
0.0,4.39
0.0,4.11
0.0,6.22
0.0,6.25
0.0,3.28
0.0,5.65
0.0,4.34
0.0,6.17
0.0,3.14
0.0,5.58
0.0,4.8
0.0,5.06
0.0,5.32
0.0,5.52
0.0,4.72
0.0,4.95
31.18,21.36
44.09,50.92
31.18,76.09
0.0,76.18
0.0,68.97
0.0,62.88
0.0,56.23
0.0,52.74
0.0,47.27
0.0,41.67
0.0,37.8
0.0,35.41
0.0,32.69
0.0,26.88
0.0,27.87
0.0,23.88
0.0,23.5
0.0,21.92
0.0,21.14
0.0,17.83
0.0,17.23
0.0,15.46
0.0,16.4
0.0,12.53
0.0,13.99
0.0,13.25
0.0,12.05
0.0,10.82
0.0,10.53
0.0,10.25
0.0,9.11
0.0,10.0
0.0,9.05
0.0,8.02
0.0,9.26
0.0,8.06
0.0,6.66
0.0,5.68
0.0,7.49
0.0,7.08
0.0,5.8
0.0,6.9
0.0,5.54
0.0,5.6
0.0,6.01
0.0,5.2
0.0,5.61
0.0,6.55
0.0,6.31
0.0,5.04
0.0,6.66
0.0,5.56
0.0,5.93
0.0,6.33
0.0,5.12
0.0,5.41
0.0,4.65
0.0,6.88
0.0,4.33
0.0,4.15
0.0,5.45
0.0,6.85
0.0,5.35
0.0,5.95
17.98,14.15
29.09,34.67
29.09,54.23
17.98,68.38
0.0,64.5
0.0,59.33
0.0,53.64
0.0,49.17
0.0,45.36
0.0,40.73
0.0,37.32
0.0,33.05
0.0,30.78
0.0,27.7
0.0,26.09
0.0,22.14
0.0,23.11
0.0,20.14
0.0,20.0
0.0,18.35
0.0,16.34
0.0,15.63
0.0,13.56
0.0,12.07
0.0,10.84
0.0,10.5
0.0,9.92
0.0,10.8
0.0,8.36
0.0,9.94
0.0,10.25
0.0,9.18
0.0,9.2
0.0,9.91
0.0,8.63
0.0,7.27
0.0,8.23
0.0,7.54
0.0,6.57
0.0,7.83
0.0,7.1
0.0,5.62
0.0,7.11
0.0,6.62
0.0,6.6
0.0,5.09
0.0,5.51
0.0,6.16
0.0,3.85
0.0,4.44
0.0,4.92
0.0,4.68
6.79,8.74
12.24,15.52
15.26,27.48
15.26,37.22
12.24,46.56
6.79,47.99
0.0,44.64
0.0,40.12
0.0,39.67
0.0,33.38
0.0,28.89
0.0,28.72
0.0,26.63
0.0,23.61
0.0,22.53
0.0,19.51
0.0,18.11
0.0,17.71
0.0,17.02
0.0,16.5
0.0,14.44
0.0,13.12
0.0,12.9
16.14,21.26
29.82,39.43
38.96,66.21
42.17,91.74
38.96,116.79
29.82,130.25
16.14,133.84
0.0,124.97
0.0,113.29
0.0,102.7
0.0,92.51
0.0,83.8
0.0,74.91
0.0,68.03
0.0,63.5
0.0,56.01
0.0,52.29
0.0,47.22
0.0,43.49
0.0,39.48
0.0,35.15
0.0,32.38
0.0,29.07
0.0,26.42
0.0,23.4
0.0,24.14
0.0,20.25
0.0,18.53
0.0,17.31
0.0,17.99
0.0,15.49
0.0,12.83
0.0,13.82
0.0,13.23
0.0,13.96
0.0,11.64
0.0,9.16
0.0,9.59
0.0,10.81
0.0,10.28
0.0,7.37
0.0,8.46
0.0,7.42
0.0,7.2
0.0,6.45
0.0,9.34
0.0,7.71
0.0,6.61
0.0,5.14
0.0,7.13
0.0,7.22
0.0,7.48
0.0,5.94
0.0,6.0
0.0,7.62
0.0,6.5
0.0,6.82
0.0,4.03
0.0,4.77
0.0,4.85
0.0,5.72
0.0,4.89
0.0,5.99
0.0,6.36
0.0,5.5
0.0,5.41
0.0,5.4
0.0,5.73
0.0,4.04
0.0,5.9
0.0,5.99
0.0,4.99
0.0,5.72
0.0,5.14
0.0,4.42
0.0,3.71
0.0,4.94
0.0,5.36
0.0,4.07
0.0,3.24
0.0,4.83
0.0,5.08
0.0,5.3
0.0,4.97
0.0,5.88
0.0,5.5
0.0,4.33
0.0,4.57
0.0,6.13
0.0,4.75
0.0,4.34
0.0,4.15
0.0,5.26
0.0,4.67
0.0,5.16
0.0,5.34
0.0,4.71
0.0,2.56
0.0,3.92
0.0,5.01
0.0,4.37
0.0,4.62
0.0,4.09
0.0,6.12
0.0,5.15
0.0,3.7
10.1,8.92
14.28,21.34
10.1,26.99
0.0,28.15
0.0,24.68
0.0,24.78
0.0,22.66
0.0,18.97
0.0,17.06
0.0,17.23
0.0,15.94
0.0,14.88
0.0,13.58
0.0,12.53
0.0,13.58
0.0,11.74
0.0,10.53
0.0,9.97
0.0,10.27
0.0,10.41
0.0,11.51
0.0,10.58
0.0,8.69
0.0,6.71
0.0,5.99
0.0,6.85
0.0,7.86
0.0,7.22
0.0,5.05
0.0,6.09
0.0,7.36
0.0,5.14
0.0,5.95
0.0,5.49
0.0,6.46
0.0,6.29
12.72,13.46
22.03,28.59
25.43,46.34
22.03,59.02
12.72,66.96
0.0,63.4
0.0,57.47
0.0,52.07
0.0,47.33
0.0,43.9
0.0,38.69
0.0,36.86
0.0,33.11
0.0,29.89
0.0,26.2
32.0,43.65
32.0,63.67
0.0,65.57
0.0,60.27
0.0,56.27
0.0,50.02
0.0,45.69
0.0,41.58
0.0,38.32
0.0,33.77
0.0,31.58
0.0,28.45
0.0,28.5
0.0,24.77
0.0,20.94
0.0,20.63
0.0,20.3
0.0,18.79
0.0,15.52
0.0,16.81
0.0,13.96
0.0,12.21
0.0,12.91
0.0,11.29
0.0,11.33
0.0,11.0
0.0,9.35
0.0,8.67
0.0,9.05
0.0,8.4
0.0,10.0
0.0,7.75
0.0,7.3
0.0,6.21
0.0,5.58
0.0,8.06
0.0,7.14
0.0,6.34
0.0,5.12
0.0,4.15
0.0,4.63
0.0,4.88
0.0,4.49
0.0,6.07
0.0,6.33
0.0,5.41
0.0,5.73
0.0,4.08
0.0,5.49
0.0,5.08
0.0,5.31
0.0,5.45
0.0,4.17
0.0,4.45
0.0,5.37
0.0,5.79
0.0,4.68
0.0,4.95
0.0,5.81
0.0,5.72
0.0,4.03
0.0,4.92
0.0,4.02
0.0,3.87
0.0,3.69
0.0,3.61
0.0,4.31
0.0,6.4
0.0,5.33
0.0,4.98
0.0,3.32
0.0,3.85
0.0,6.62
0.0,4.94
0.0,4.94
0.0,7.32
0.0,4.94
0.0,5.43
0.0,7.19
0.0,5.43
0.0,5.09
0.0,5.56
0.0,4.29
0.0,4.51
0.0,6.91
0.0,4.05
0.0,3.12
0.0,6.07
0.0,5.58
0.0,5.52
0.0,6.78
0.0,6.07
0.0,4.86
0.0,5.88
0.0,7.67
0.0,6.12
0.0,4.94
0.0,5.7
0.0,6.14
0.0,5.36
0.0,5.7
0.0,3.84
0.0,5.7
0.0,5.12
0.0,4.8
0.0,5.88
0.0,5.77
0.0,7.16
0.0,5.81
0.0,5.0
0.0,3.64
0.0,4.51
0.0,5.75
32.49,22.65
45.95,56.46
32.49,77.98
0.0,78.85
0.0,72.91
0.0,66.26
0.0,57.12
0.0,54.99
0.0,50.11
0.0,44.2
0.0,40.63
0.0,36.78
0.0,34.34
0.0,30.88
0.0,27.18
0.0,25.58
0.0,25.11
0.0,23.08
0.0,19.86
0.0,19.01
0.0,16.67
0.0,14.55
0.0,15.12
0.0,13.71
0.0,13.97
0.0,11.46
0.0,11.5
0.0,9.31
0.0,11.33
0.0,9.68
0.0,8.92
0.0,8.78
0.0,8.56
0.0,7.02
0.0,8.43
0.0,8.74
0.0,6.5
0.0,5.82
0.0,6.19
0.0,6.89
0.0,7.91
0.0,6.38
0.0,7.57
0.0,4.21
0.0,6.64
0.0,6.02
0.0,4.45
0.0,6.08
0.0,4.68
0.0,4.77
0.0,5.55
0.0,4.93
0.0,5.92
0.0,5.88
0.0,4.05
0.0,6.09
0.0,5.94
0.0,5.08
0.0,5.22
0.0,5.72
0.0,5.99
0.0,4.95
0.0,6.35
0.0,5.68
0.0,5.65
0.0,4.93
0.0,4.47
0.0,4.65
0.0,5.15
0.0,5.28
0.0,5.7
0.0,4.26
0.0,5.01
0.0,4.07
0.0,5.78
0.0,6.36
12.48,12.33
23.07,27.51
30.14,47.52
32.62,67.13
30.14,86.55
23.07,98.61
12.48,102.33
0.0,95.0
0.0,88.75
0.0,78.28
0.0,70.89
0.0,64.53
0.0,57.49
0.0,52.14
0.0,49.45
0.0,41.78
0.0,39.96
0.0,37.63
0.0,34.42
0.0,31.52
0.0,28.19
0.0,25.07
0.0,22.09
0.0,21.57
0.0,19.75
0.0,19.06
0.0,16.7
0.0,17.22
0.0,14.68
0.0,12.57
0.0,12.0
0.0,10.74
0.0,10.24
0.0,12.63
0.0,9.59
0.0,10.4
0.0,9.57
0.0,8.31
0.0,8.13
0.0,7.37
0.0,7.98
0.0,7.5
0.0,7.25
0.0,5.83
0.0,5.08
0.0,7.28
0.0,6.49
0.0,6.19
0.0,5.62
0.0,5.12
0.0,4.68
0.0,5.01
0.0,4.22
0.0,6.57
0.0,6.08
0.0,5.78
0.0,4.47
0.0,6.62
0.0,6.78
18.18,14.39
33.59,37.95
43.89,65.67
47.5,97.6
43.89,125.73
33.59,141.89
18.18,147.96
0.0,136.48
0.0,124.79
0.0,111.27
0.0,101.49
0.0,89.63
0.0,81.55
0.0,75.87
0.0,67.77
0.0,63.03
0.0,56.05
0.0,50.94
0.0,46.41
0.0,43.59
0.0,39.19
0.0,34.28
0.0,31.48
0.0,30.46
0.0,26.17
0.0,25.39
0.0,22.81
0.0,22.0
0.0,18.32
0.0,16.85
0.0,14.86
0.0,16.03
0.0,14.39
0.0,13.11
0.0,13.29
0.0,11.44
4.92,13.58
6.95,18.31
4.92,20.66
0.0,21.79
0.0,19.27
0.0,18.81
0.0,15.47
0.0,15.13
0.0,15.89
0.0,12.07
0.0,11.91
0.0,11.07
0.0,11.06
0.0,10.68
0.0,10.19
0.0,9.69
0.0,8.73
26.83,23.07
0.0,28.43
0.0,27.62
0.0,23.39
0.0,20.99
0.0,21.28
0.0,19.25
0.0,16.58
0.0,14.51
0.0,15.56
0.0,13.24
0.0,11.48
0.0,12.44
0.0,11.99
0.0,8.36
0.0,12.03
0.0,9.54
0.0,9.34
0.0,7.65
0.0,7.03
0.0,9.51
0.0,7.5
0.0,6.58
0.0,8.34
0.0,7.56
0.0,6.32
0.0,6.8
0.0,5.8
0.0,5.32
0.0,5.93
0.0,5.19
0.0,5.97
0.0,7.0
0.0,5.48
0.0,5.72
0.0,4.55
0.0,5.45
0.0,5.78
17.51,15.69
31.55,36.51
39.34,62.95
39.34,89.66
31.55,106.72
17.51,114.19
0.0,109.38
0.0,97.23
0.0,86.78
0.0,80.39
0.0,71.55
0.0,64.4
0.0,57.23
0.0,53.98
0.0,47.68
0.0,46.94
0.0,42.12
0.0,37.1
0.0,34.08
0.0,31.43
0.0,29.99
0.0,27.64
0.0,23.78
0.0,23.21
0.0,19.23
0.0,19.3
0.0,16.45
0.0,17.54
0.0,14.35
0.0,14.26
0.0,13.84
0.0,11.13
0.0,11.2
0.0,10.57
0.0,10.13
0.0,8.44
0.0,8.28
10.09,15.21
18.19,28.41
22.68,39.96
22.68,55.83
18.19,64.59
10.09,69.12
0.0,66.93
0.0,58.65
0.0,54.45
0.0,48.38
0.0,47.52
0.0,42.04
0.0,35.78
0.0,35.22
0.0,30.22
0.0,27.63
0.0,28.44
0.0,22.16
0.0,21.15
0.0,21.76
0.0,19.46
0.0,17.29
0.0,15.64
0.0,13.63
0.0,15.4
0.0,12.68
0.0,12.67
0.0,12.06
0.0,11.24
0.0,11.75
0.0,10.46
0.0,8.62
0.0,8.74
0.0,8.13
0.0,7.08
0.0,8.9
0.0,8.51
0.0,7.66
0.0,7.57
0.0,6.09
0.0,6.37
0.0,5.16
0.0,6.14
0.0,3.7
0.0,5.33
0.0,5.77
0.0,6.49
0.0,5.6
0.0,5.77
0.0,7.55
0.0,3.64
0.0,4.82
20.52,16.47
33.2,38.77
33.2,61.83
20.52,76.29
0.0,74.37
0.0,65.69
0.0,60.47
0.0,54.58
0.0,50.46
0.0,45.28
0.0,41.98
0.0,38.44
0.0,33.32
0.0,33.15
0.0,28.78
5.89,30.86
8.32,34.95
5.89,34.94
0.0,35.55
0.0,30.12
0.0,30.23
0.0,25.34
0.0,22.14
0.0,22.91
0.0,20.59
0.0,18.6
0.0,16.09
0.0,15.74
0.0,13.31
0.0,11.86
0.0,13.09
0.0,12.12
0.0,10.76
0.0,11.81
0.0,10.16
0.0,10.01
0.0,10.74
2.97,9.74
5.49,14.21
7.17,18.05
7.76,22.18
7.17,27.92
5.49,30.02
2.97,31.98
0.0,30.81
0.0,24.95
0.0,24.95
0.0,19.88
0.0,18.68
0.0,16.45
0.0,18.79
0.0,17.05
0.0,13.56
0.0,13.77
0.0,14.68
0.0,11.63
0.0,12.41
0.0,11.25
0.0,11.36
0.0,10.86
0.0,9.64
0.0,9.59
0.0,8.93
0.0,7.69
0.0,7.95
0.0,6.46
0.0,7.9
0.0,6.5
0.0,6.72
0.0,7.33
0.0,6.51
0.0,6.06
0.0,5.84
0.0,6.28
0.0,5.44
0.0,4.85
0.0,7.14
0.0,5.12
0.0,7.41
0.0,4.04
0.0,5.57
0.0,6.03
0.0,6.05
0.0,4.63
0.0,5.39
0.0,6.14
0.0,5.92
0.0,4.72
0.0,5.41
0.0,5.84
0.0,5.02
0.0,5.76
0.0,5.32
0.0,5.46
0.0,4.77
0.0,4.61
0.0,3.84
0.0,5.85
0.0,3.92
0.0,5.71
0.0,5.15
0.0,4.93
0.0,5.8
0.0,4.51
0.0,4.27
0.0,5.3
0.0,2.55
0.0,4.89
0.0,4.88
0.0,3.57
0.0,3.88
0.0,5.44
0.0,4.93
43.03,29.51
43.03,60.16
0.0,66.56
0.0,61.1
0.0,53.27
0.0,49.15
0.0,45.27
0.0,40.5
0.0,38.61
0.0,33.1
0.0,30.58
0.0,28.17
0.0,27.43
0.0,24.98
0.0,23.31
0.0,21.18
0.0,18.2
24.89,33.37
35.2,54.95
24.89,71.12
0.0,70.43
0.0,66.15
0.0,58.15
0.0,52.36
0.0,48.32
0.0,43.97
0.0,39.54
0.0,36.03
0.0,32.95
0.0,32.32
0.0,26.98
0.0,24.38
0.0,25.55
0.0,21.7
0.0,18.92
0.0,18.82
0.0,17.39
0.0,16.34
0.0,15.95
0.0,13.89
0.0,13.34
0.0,13.01
0.0,11.67
0.0,10.49
0.0,9.71
0.0,11.34
0.0,9.16
0.0,8.7
4.39,10.32
7.91,14.76
9.86,20.34
9.86,27.87
7.91,31.15
4.39,35.14
0.0,33.7
0.0,29.37
0.0,25.79
0.0,24.55
0.0,21.08
0.0,19.87
0.0,18.12
0.0,18.68
0.0,15.98
0.0,17.15
0.0,15.02
0.0,13.03
0.0,11.56
0.0,12.4
0.0,11.64
0.0,11.5
0.0,10.37
0.0,8.77
0.0,9.27
0.0,8.52
0.0,8.22
0.0,7.04
0.0,7.13
0.0,8.04
0.0,6.21
0.0,6.71
0.0,5.53
0.0,6.15
0.0,5.97
0.0,5.76
0.0,5.42
0.0,5.61
0.0,4.8
0.0,6.96
0.0,6.41
0.0,5.82
0.0,5.51
0.0,5.59
0.0,5.15
0.0,4.66
0.0,6.14
0.0,6.79
0.0,4.41
0.0,5.84
0.0,4.13
0.0,5.67
0.0,6.03
0.0,5.39
0.0,6.45
0.0,8.26
0.0,5.87
0.0,3.41
0.0,5.62
0.0,5.39
0.0,4.81
0.0,4.72
0.0,4.53
0.0,5.87
0.0,4.73
0.0,4.54
0.0,5.98
0.0,4.24
0.0,4.83
0.0,4.09
0.0,5.97
0.0,2.8
0.0,7.67
0.0,5.69
0.0,4.25
0.0,5.93
0.0,5.41
0.0,3.25
0.0,4.95
0.0,4.87
0.0,5.47
0.0,4.73
0.0,4.2
0.0,5.29
0.0,5.81
0.0,7.0
0.0,1.84
0.0,2.91
0.0,5.68
0.0,4.71
0.0,4.16
0.0,5.1
0.0,4.44
0.0,4.05
0.0,6.28
0.0,4.87
0.0,6.49
0.0,4.62
0.0,5.95
0.0,4.54
0.0,5.25
0.0,3.28
0.0,6.26
0.0,6.28
0.0,3.92
0.0,5.95
0.0,5.37
0.0,5.33
0.0,4.6
0.0,4.74
0.0,5.12
0.0,5.44
33.66,24.36
47.61,58.07
33.66,82.46
0.0,82.86
0.0,74.88
0.0,68.02
0.0,60.8
0.0,56.23
0.0,50.72
0.0,45.93
0.0,39.87
0.0,37.78
0.0,35.18
0.0,31.99
0.0,29.69
0.0,28.29
0.0,23.59
0.0,22.22
0.0,22.25
0.0,19.55
0.0,16.83
0.0,16.82
0.0,16.01
0.0,13.97
0.0,13.23
0.0,12.18
0.0,10.64
0.0,10.79
0.0,10.01
0.0,11.44
0.0,10.79
0.0,8.54
0.0,6.82
0.0,8.14
0.0,6.4
0.0,4.98
0.0,7.53
0.0,7.58
0.0,7.58
0.0,5.06
0.0,5.71
0.0,6.41
0.0,6.04
0.0,6.08
0.0,6.62
0.0,4.76
0.0,6.04
0.0,8.59
0.0,6.3
0.0,3.52
0.0,4.67
0.0,5.11
0.0,5.89
0.0,6.74
0.0,3.84
0.0,5.96
0.0,4.59
0.0,4.94
0.0,5.19
0.0,4.81
0.0,4.24
0.0,5.42
0.0,5.46
0.0,5.37
0.0,5.28
0.0,5.04
0.0,4.76
0.0,5.47
0.0,5.41
0.0,4.52
0.0,4.99
0.0,5.0
0.0,3.97
0.0,5.6
0.0,5.18
0.0,4.07
0.0,4.42
0.0,5.38
0.0,4.54
0.0,6.42
0.0,4.89
0.0,3.79
0.0,4.86
0.0,4.45
0.0,4.24
0.0,4.41
0.0,6.22
0.0,3.7
0.0,5.8
0.0,4.87
0.0,4.91
0.0,4.79
0.0,4.58
0.0,5.02
0.0,5.23
0.0,5.36
0.0,4.0
0.0,5.69
0.0,5.12
0.0,6.62
0.0,6.94
0.0,4.33
0.0,4.84
0.0,5.53
0.0,4.36
15.03,13.98
21.25,28.7
15.03,39.75
0.0,38.69
0.0,36.39
0.0,32.84
0.0,29.09
0.0,26.43
0.0,26.19
0.0,22.72
0.0,22.92
0.0,19.37
0.0,15.67
0.0,15.52
0.0,15.94
0.0,14.69
0.0,14.05
0.0,12.41
0.0,12.82
0.0,10.07
0.0,10.28
0.0,8.1
0.0,9.36
0.0,10.51
0.0,7.43
0.0,9.75
0.0,6.96
0.0,9.89
0.0,7.88
0.0,7.8
0.0,7.36
0.0,6.21
0.0,7.09
0.0,6.27
0.0,6.11
0.0,4.34
0.0,6.09
0.0,5.53
0.0,7.71
0.0,4.74
0.0,6.07
0.0,6.49
0.0,4.85
0.0,6.09
0.0,6.49
0.0,7.52
0.0,4.84
0.0,5.08
0.0,2.42
0.0,5.82
0.0,4.66
0.0,4.18
0.0,4.84
0.0,6.75
0.0,4.59
0.0,2.99
0.0,4.27
0.0,5.04
0.0,5.18
0.0,5.54
0.0,4.35
0.0,5.92
0.0,6.04
0.0,4.2
0.0,5.57
0.0,6.43
0.0,4.04
0.0,4.55
21.97,18.35
38.05,43.17
43.94,72.62
38.05,98.13
21.97,111.41
0.0,105.16
0.0,94.6
0.0,85.33
0.0,79.22
0.0,70.19
0.0,64.03
0.0,59.57
0.0,52.21
0.0,49.08
0.0,45.1
0.0,41.18
0.0,35.64
0.0,33.76
0.0,30.15
0.0,28.91
0.0,25.29
0.0,23.92
0.0,21.17
0.0,20.94
0.0,20.93
0.0,18.45
0.0,15.62
0.0,15.16
0.0,13.75
0.0,11.78
0.0,12.59
0.0,12.31
0.0,9.43
0.0,9.83
0.0,9.09
0.0,7.51
0.0,9.04
0.0,8.77
0.0,7.53
0.0,8.37
0.0,6.16
0.0,8.83
0.0,4.97
0.0,5.47
0.0,7.53
0.0,6.56
0.0,6.09
0.0,6.65
0.0,6.89
0.0,6.55
0.0,5.03
0.0,5.76
0.0,4.86
0.0,6.72
0.0,7.36
0.0,5.54
0.0,6.51
0.0,4.19
0.0,5.21
0.0,5.14
0.0,5.52
0.0,4.81
0.0,4.07
0.0,6.17
0.0,6.26
0.0,6.15
0.0,4.73
0.0,4.77
0.0,3.5
0.0,6.38
0.0,3.92
0.0,5.59
0.0,6.5
0.0,4.02
0.0,6.17
0.0,4.73
0.0,6.01
0.0,4.8
0.0,5.03
0.0,5.24
0.0,3.65
0.0,4.88
0.0,5.04
0.0,5.37
0.0,4.38
0.0,6.06
0.0,6.11
0.0,4.88
0.0,7.73
0.0,6.84
0.0,5.01
0.0,3.57
0.0,6.69
0.0,4.23
0.0,4.69
0.0,2.27
0.0,3.53
0.0,5.11
0.0,4.51
0.0,4.22
0.0,4.36
0.0,6.02
0.0,6.04
0.0,4.28
0.0,6.71
0.0,5.2
0.0,6.9
0.0,6.63
0.0,6.5
0.0,5.39
0.0,5.12
0.0,5.27
0.0,4.6
0.0,5.34
0.0,4.83
0.0,4.72
5.33,7.63
9.61,13.44
11.99,20.72
11.99,31.07
9.61,35.56
5.33,40.27
0.0,34.28
0.0,33.53
0.0,29.1
0.0,27.26
0.0,24.93
0.0,22.55
0.0,21.11
0.0,19.76
0.0,18.2
0.0,17.15
0.0,14.86
0.0,13.02
0.0,12.3
0.0,12.86
0.0,10.0
0.0,10.58
0.0,11.06
0.0,9.52
0.0,10.94
0.0,8.39
0.0,9.5
0.0,8.89
0.0,7.82
0.0,6.56
0.0,7.37
0.0,7.66
0.0,7.53
0.0,6.14
0.0,5.97
0.0,5.72
0.0,4.87
0.0,7.36
0.0,8.25
0.0,8.29
0.0,7.19
0.0,4.45
0.0,6.59
0.0,3.88
0.0,5.0
0.0,4.59
0.0,4.2
0.0,5.37
0.0,4.8
0.0,6.71
0.0,5.28
0.0,5.58
0.0,5.89
0.0,5.27
0.0,4.8
0.0,6.9
0.0,4.74
0.0,4.19
0.0,4.41
0.0,3.39
0.0,5.12
0.0,4.38
0.0,4.64
0.0,4.13
0.0,5.66
0.0,6.22
0.0,4.66
0.0,4.65
0.0,5.51
0.0,5.17
0.0,4.81
0.0,5.24
0.0,5.48
0.0,4.4
0.0,4.5
0.0,4.49
0.0,5.7
0.0,5.43
0.0,3.64
0.0,4.02
0.0,6.09
0.0,3.64
0.0,4.37
0.0,6.03
0.0,5.58
0.0,5.4
0.0,3.93
0.0,5.01
0.0,4.1
0.0,5.37
0.0,6.14
0.0,4.65
0.0,4.06
0.0,5.31
0.0,3.76
0.0,4.95
0.0,4.77
0.0,3.1
0.0,6.14
0.0,4.03
0.0,4.04
0.0,8.25
0.0,4.95
0.0,2.82
0.0,3.78
0.0,4.45
0.0,4.58
0.0,4.23
0.0,4.21
0.0,4.43
0.0,6.17
0.0,6.43
0.0,4.19
0.0,5.35
0.0,4.02
0.0,5.87
0.0,5.36
0.0,6.0
0.0,4.14
0.0,3.79
0.0,5.43
0.0,5.22
0.0,3.99
0.0,4.49
0.0,3.11
0.0,5.34
0.0,3.0
0.0,4.62
0.0,6.14
0.0,4.75
0.0,3.88
0.0,4.21
0.0,3.4
0.0,5.05
0.0,3.91
0.0,5.52
0.0,5.78
0.0,6.18
0.0,5.9
0.0,3.89
0.0,5.53
0.0,5.19
0.0,6.01
0.0,5.08
0.0,6.08
0.0,3.7
0.0,4.24
0.0,4.38
0.0,5.7
0.0,4.97
0.0,5.63
0.0,3.31
0.0,5.13
0.0,4.4
0.0,4.24
0.0,6.87
0.0,4.96
0.0,3.47
0.0,5.9
0.0,3.78
0.0,4.79
0.0,3.72
0.0,5.1
0.0,5.24
0.0,4.09
0.0,4.25
0.0,5.3
0.0,5.68
0.0,5.98
0.0,4.17
0.0,6.05
0.0,5.58
0.0,3.4
0.0,6.72
0.0,5.83
0.0,4.71
0.0,5.15
0.0,3.65
0.0,5.88
0.0,2.62
0.0,5.24
0.0,5.58
0.0,5.88
0.0,6.47
0.0,5.23
0.0,5.58
12.63,10.59
0.0,15.51
0.0,13.35
0.0,12.87
0.0,11.34
0.0,12.72
0.0,11.82
0.0,9.64
0.0,8.25
0.0,10.32
0.0,9.08
0.0,8.82
0.0,7.32
0.0,8.97
0.0,6.73
0.0,7.73
0.0,6.86
0.0,7.12
0.0,7.13
0.0,5.79
0.0,4.81
0.0,6.7
0.0,7.23
0.0,5.26
0.0,6.43
0.0,5.57
0.0,4.9
0.0,4.45
0.0,5.68
0.0,4.92
0.0,6.97
0.0,5.83
0.0,5.63
0.0,4.76
0.0,4.63
0.0,3.81
0.0,4.41
0.0,6.01
0.0,4.17
0.0,6.34
0.0,6.21
0.0,3.99
0.0,4.97
0.0,5.92
0.0,4.51
0.0,4.95
0.0,4.2
0.0,3.8
0.0,4.47
0.0,4.73
0.0,4.35
0.0,4.7
0.0,6.56
0.0,5.17
0.0,5.48
0.0,3.56
0.0,5.2
0.0,4.79
0.0,3.96
0.0,4.4
0.0,5.36
0.0,6.39
0.0,5.01
0.0,3.35
0.0,5.37
0.0,4.7
0.0,3.02
0.0,4.84
0.0,5.08
0.0,5.1
0.0,5.22
0.0,3.68
0.0,5.99
0.0,5.34
0.0,4.38
0.0,6.51
0.0,5.2
0.0,6.17
0.0,6.15
0.0,3.85
0.0,4.72
0.0,5.98
0.0,4.95
0.0,4.73
0.0,6.6
0.0,4.44
0.0,4.75
0.0,4.32
0.0,4.83
0.0,5.07
0.0,4.17
0.0,4.34
0.0,3.62
0.0,5.49
0.0,4.71
0.0,4.58
0.0,5.26
0.0,5.8
0.0,5.54
0.0,4.94
0.0,5.72
0.0,4.72
0.0,5.47
0.0,3.85
0.0,4.59
0.0,5.34
0.0,4.68
0.0,4.29
0.0,6.04
0.0,3.86
0.0,4.67
0.0,6.43
0.0,6.28
0.0,4.08
0.0,5.22
0.0,5.69
0.0,5.19
0.0,6.52
